participant_number,game_group,n_correct,n_mistaken,n_abdicated,n_total,error_rate,median_choice_rt,median_prediction_rt,group_id,group_label,bm_pred,nm_pred
1,⊥⊥,2.0,6.0,0.0,8.0,0.75,4.5219466685,3.8053638935,G1,G1: both diagnostic,High,High
1,⊥⊤,7.0,1.0,0.0,8.0,0.125,6.369739294,7.055175543,G2,G2: BM-only diagnostic,High,Low
1,⊤⊥,2.0,6.0,0.0,8.0,0.75,3.8931905035000005,6.112396121,G3,G3: NM-only diagnostic,Low,High
1,⊤⊤,6.0,2.0,0.0,8.0,0.25,5.841757178,7.3618189095,G4,G4: neither diagnostic,Low,Low
2,⊥⊥,2.0,4.0,2.0,8.0,0.6666666666666666,1.6772100925,3.074155092,G1,G1: both diagnostic,High,High
2,⊥⊤,4.0,4.0,0.0,8.0,0.5,2.1076078415,3.3393805025,G2,G2: BM-only diagnostic,High,Low
2,⊤⊥,3.0,5.0,0.0,8.0,0.625,2.6807079314999998,3.614448547,G3,G3: NM-only diagnostic,Low,High
2,⊤⊤,3.0,5.0,0.0,8.0,0.625,1.635829687,3.500323772,G4,G4: neither diagnostic,Low,Low
3,⊥⊥,4.0,4.0,0.0,8.0,0.5,1.132098198,7.268075466,G1,G1: both diagnostic,High,High
3,⊥⊤,6.0,2.0,0.0,8.0,0.25,1.1749026775,2.1991244555,G2,G2: BM-only diagnostic,High,Low
3,⊤⊥,3.0,5.0,0.0,8.0,0.625,1.180444598,3.47516489,G3,G3: NM-only diagnostic,Low,High
3,⊤⊤,4.0,4.0,0.0,8.0,0.5,0.958987951,2.939114451,G4,G4: neither diagnostic,Low,Low
4,⊥⊥,2.0,6.0,0.0,8.0,0.75,1.9385854005,3.0592591765000003,G1,G1: both diagnostic,High,High
4,⊥⊤,5.0,3.0,0.0,8.0,0.375,3.356281638,5.86631012,G2,G2: BM-only diagnostic,High,Low
4,⊤⊥,3.0,3.0,2.0,8.0,0.5,3.5175853970000004,4.8668949605,G3,G3: NM-only diagnostic,Low,High
4,⊤⊤,7.0,1.0,0.0,8.0,0.125,2.1501543525,4.274827719,G4,G4: neither diagnostic,Low,Low
5,⊥⊥,2.0,6.0,0.0,8.0,0.75,1.6575167180000001,2.6771099565,G1,G1: both diagnostic,High,High
5,⊥⊤,5.0,1.0,2.0,8.0,0.16666666666666666,2.014833212,3.940241575,G2,G2: BM-only diagnostic,High,Low
5,⊤⊥,4.0,3.0,1.0,8.0,0.42857142857142855,1.923029661,3.7635838985000003,G3,G3: NM-only diagnostic,Low,High
5,⊤⊤,4.0,4.0,0.0,8.0,0.5,1.5619642735000001,3.038225889,G4,G4: neither diagnostic,Low,Low
6,⊥⊥,5.0,3.0,0.0,8.0,0.375,1.325817108,2.225256681,G1,G1: both diagnostic,High,High
6,⊥⊤,6.0,2.0,0.0,8.0,0.25,1.729240656,2.018588543,G2,G2: BM-only diagnostic,High,Low
6,⊤⊥,2.0,6.0,0.0,8.0,0.75,1.815133333,2.5375419855,G3,G3: NM-only diagnostic,Low,High
6,⊤⊤,4.0,4.0,0.0,8.0,0.5,2.1646887065,2.9557499885,G4,G4: neither diagnostic,Low,Low
7,⊥⊥,5.0,2.0,1.0,8.0,0.2857142857142857,3.861821175,4.861821175,G1,G1: both diagnostic,High,High
7,⊥⊤,7.0,1.0,0.0,8.0,0.125,6.7555607555,5.885460138,G2,G2: BM-only diagnostic,High,Low
7,⊤⊥,5.0,3.0,0.0,8.0,0.375,5.207498789,5.789136648,G3,G3: NM-only diagnostic,Low,High
7,⊤⊤,8.0,0.0,0.0,8.0,0.0,7.0997275115,8.686832547,G4,G4: neither diagnostic,Low,Low
8,⊥⊥,5.0,3.0,0.0,8.0,0.375,8.270972014,13.98581195,G1,G1: both diagnostic,High,High
8,⊥⊤,7.0,1.0,0.0,8.0,0.125,9.554998638,9.039890766,G2,G2: BM-only diagnostic,High,Low
8,⊤⊥,4.0,4.0,0.0,8.0,0.5,6.8784798385,9.572265984,G3,G3: NM-only diagnostic,Low,High
8,⊤⊤,6.0,2.0,0.0,8.0,0.25,9.331350565000001,7.5111056565,G4,G4: neither diagnostic,Low,Low
9,⊥⊥,6.0,1.0,1.0,8.0,0.14285714285714285,8.838404655,8.4257980585,G1,G1: both diagnostic,High,High
9,⊥⊤,8.0,0.0,0.0,8.0,0.0,6.589841485,8.199577094,G2,G2: BM-only diagnostic,High,Low
9,⊤⊥,6.0,2.0,0.0,8.0,0.25,6.6861815455,8.440103054,G3,G3: NM-only diagnostic,Low,High
9,⊤⊤,6.0,1.0,1.0,8.0,0.14285714285714285,10.04453301,10.451400755,G4,G4: neither diagnostic,Low,Low
10,⊥⊥,3.0,5.0,0.0,8.0,0.625,2.983526349,5.993776083,G1,G1: both diagnostic,High,High
10,⊥⊤,7.0,1.0,0.0,8.0,0.125,3.375346303,4.471908808,G2,G2: BM-only diagnostic,High,Low
10,⊤⊥,1.0,7.0,0.0,8.0,0.875,3.2416368725,5.81337285,G3,G3: NM-only diagnostic,Low,High
10,⊤⊤,6.0,2.0,0.0,8.0,0.25,3.7694662809999997,6.7256530525,G4,G4: neither diagnostic,Low,Low
11,⊥⊥,4.0,4.0,0.0,8.0,0.5,3.906316757,8.3419494625,G1,G1: both diagnostic,High,High
11,⊥⊤,7.0,1.0,0.0,8.0,0.125,4.2424343825,7.687863111,G2,G2: BM-only diagnostic,High,Low
11,⊤⊥,6.0,2.0,0.0,8.0,0.25,4.148092866,5.607989192,G3,G3: NM-only diagnostic,Low,High
11,⊤⊤,6.0,2.0,0.0,8.0,0.25,3.5309633015,11.515735626,G4,G4: neither diagnostic,Low,Low
12,⊥⊥,6.0,2.0,0.0,8.0,0.25,6.923844099,6.7402789595,G1,G1: both diagnostic,High,High
12,⊥⊤,8.0,0.0,0.0,8.0,0.0,6.981485605,7.902077675000001,G2,G2: BM-only diagnostic,High,Low
12,⊤⊥,5.0,2.0,1.0,8.0,0.2857142857142857,6.150541544,8.150541544,G3,G3: NM-only diagnostic,Low,High
12,⊤⊤,7.0,1.0,0.0,8.0,0.125,10.22755766,8.136539221,G4,G4: neither diagnostic,Low,Low
13,⊥⊥,3.0,5.0,0.0,8.0,0.625,2.711805582,6.476723194,G1,G1: both diagnostic,High,High
13,⊥⊤,4.0,4.0,0.0,8.0,0.5,2.7817803625,3.5573596954999998,G2,G2: BM-only diagnostic,High,Low
13,⊤⊥,2.0,6.0,0.0,8.0,0.75,2.281092048,4.63146019,G3,G3: NM-only diagnostic,Low,High
13,⊤⊤,3.0,5.0,0.0,8.0,0.625,2.6945323945,4.076995611,G4,G4: neither diagnostic,Low,Low
14,⊥⊥,2.0,6.0,0.0,8.0,0.75,4.1599075795000005,10.195142627,G1,G1: both diagnostic,High,High
14,⊥⊤,3.0,4.0,1.0,8.0,0.5714285714285714,4.885460138,9.306672454000001,G2,G2: BM-only diagnostic,High,Low
14,⊤⊥,1.0,7.0,0.0,8.0,0.875,7.7300503255,8.190585852,G3,G3: NM-only diagnostic,Low,High
14,⊤⊤,3.0,5.0,0.0,8.0,0.625,5.186832547,8.46760273,G4,G4: neither diagnostic,Low,Low
15,⊥⊥,3.0,5.0,0.0,8.0,0.625,2.4969494345000003,3.956879616,G1,G1: both diagnostic,High,High
15,⊥⊤,6.0,2.0,0.0,8.0,0.25,4.1986573935,6.7046154735,G2,G2: BM-only diagnostic,High,Low
15,⊤⊥,1.0,4.0,3.0,8.0,0.8,2.171690941,8.079849958,G3,G3: NM-only diagnostic,Low,High
15,⊤⊤,5.0,3.0,0.0,8.0,0.375,2.9177663330000003,5.988646746,G4,G4: neither diagnostic,Low,Low
17,⊥⊥,2.0,6.0,0.0,8.0,0.75,2.9818029399999997,4.702700376499999,G1,G1: both diagnostic,High,High
17,⊥⊤,6.0,2.0,0.0,8.0,0.25,2.869739294,4.4464381930000005,G2,G2: BM-only diagnostic,High,Low
17,⊤⊥,3.0,5.0,0.0,8.0,0.625,3.098872662,4.93261385,G3,G3: NM-only diagnostic,Low,High
17,⊤⊤,5.0,3.0,0.0,8.0,0.375,2.60833776,3.838371992,G4,G4: neither diagnostic,Low,Low
18,⊥⊥,4.0,4.0,0.0,8.0,0.5,7.757949233,8.1290831565,G1,G1: both diagnostic,High,High
18,⊥⊤,8.0,0.0,0.0,8.0,0.0,7.305806994499999,8.4365615845,G2,G2: BM-only diagnostic,High,Low
18,⊤⊥,3.0,4.0,1.0,8.0,0.5714285714285714,6.81337285,9.062565327,G3,G3: NM-only diagnostic,Low,High
18,⊤⊤,6.0,2.0,0.0,8.0,0.25,7.24252522,7.5484042165,G4,G4: neither diagnostic,Low,Low
19,⊥⊥,3.0,5.0,0.0,8.0,0.625,6.931233167499999,11.42824697,G1,G1: both diagnostic,High,High
19,⊥⊤,5.0,3.0,0.0,8.0,0.375,6.45303607,10.07010651,G2,G2: BM-only diagnostic,High,Low
19,⊤⊥,4.0,4.0,0.0,8.0,0.5,9.4059273005,11.37847984,G3,G3: NM-only diagnostic,Low,High
19,⊤⊤,5.0,3.0,0.0,8.0,0.375,7.161980033000001,11.103119610499999,G4,G4: neither diagnostic,Low,Low
20,⊥⊥,3.0,3.0,2.0,8.0,0.5,2.061814666,5.091623782999999,G1,G1: both diagnostic,High,High
20,⊥⊤,6.0,2.0,0.0,8.0,0.25,2.2169435025,3.550982833,G2,G2: BM-only diagnostic,High,Low
20,⊤⊥,4.0,3.0,1.0,8.0,0.42857142857142855,1.88059926,4.2649042605,G3,G3: NM-only diagnostic,Low,High
20,⊤⊤,3.0,5.0,0.0,8.0,0.625,1.332698226,2.340468407,G4,G4: neither diagnostic,Low,Low
21,⊥⊥,4.0,4.0,0.0,8.0,0.5,2.902345538,6.3348097805000005,G1,G1: both diagnostic,High,High
21,⊥⊤,4.0,4.0,0.0,8.0,0.5,3.862671256,6.982007742,G2,G2: BM-only diagnostic,High,Low
21,⊤⊥,4.0,4.0,0.0,8.0,0.5,3.212423325,5.456330060999999,G3,G3: NM-only diagnostic,Low,High
21,⊤⊤,4.0,4.0,0.0,8.0,0.5,4.1273331644999995,6.886759043,G4,G4: neither diagnostic,Low,Low
22,⊥⊥,2.0,6.0,0.0,8.0,0.75,6.702700376499999,10.805363895,G1,G1: both diagnostic,High,High
22,⊥⊤,7.0,1.0,0.0,8.0,0.125,5.749034524,5.676713943,G2,G2: BM-only diagnostic,High,Low
22,⊤⊥,5.0,3.0,0.0,8.0,0.375,4.3445378545,5.419955969,G3,G3: NM-only diagnostic,Low,High
22,⊤⊤,3.0,5.0,0.0,8.0,0.625,7.060260892,9.486098528,G4,G4: neither diagnostic,Low,Low
23,⊥⊥,3.0,5.0,0.0,8.0,0.625,5.3506265875,9.541694400499999,G1,G1: both diagnostic,High,High
23,⊥⊤,6.0,1.0,1.0,8.0,0.14285714285714285,6.512788773,9.933470011,G2,G2: BM-only diagnostic,High,Low
23,⊤⊥,3.0,4.0,1.0,8.0,0.5714285714285714,5.552605391,11.47516489,G3,G3: NM-only diagnostic,Low,High
23,⊤⊤,6.0,1.0,1.0,8.0,0.14285714285714285,4.223881245,11.686832549,G4,G4: neither diagnostic,Low,Low
24,⊥⊥,4.0,4.0,0.0,8.0,0.5,6.407843590000001,7.1506859065,G1,G1: both diagnostic,High,High
24,⊥⊤,8.0,0.0,0.0,8.0,0.0,10.929339765,12.05724072,G2,G2: BM-only diagnostic,High,Low
24,⊤⊥,5.0,3.0,0.0,8.0,0.375,8.150281668,8.439853907,G3,G3: NM-only diagnostic,Low,High
24,⊤⊤,7.0,1.0,0.0,8.0,0.125,7.8319051265,9.044453382,G4,G4: neither diagnostic,Low,Low
25,⊥⊥,2.0,4.0,2.0,8.0,0.6666666666666666,2.5992259979999996,16.73941326,G1,G1: both diagnostic,High,High
25,⊥⊤,3.0,3.0,2.0,8.0,0.5,4.6995770935,13.36635566,G2,G2: BM-only diagnostic,High,Low
25,⊤⊥,3.0,4.0,1.0,8.0,0.5714285714285714,1.453731775,2.4834156035,G3,G3: NM-only diagnostic,Low,High
25,⊤⊤,1.0,7.0,0.0,8.0,0.875,4.098039031,7.044533014,G4,G4: neither diagnostic,Low,Low
26,⊥⊥,2.0,6.0,0.0,8.0,0.75,1.595169663,3.223914027,G1,G1: both diagnostic,High,High
26,⊥⊤,5.0,3.0,0.0,8.0,0.375,2.3857616185,3.729910612,G2,G2: BM-only diagnostic,High,Low
26,⊤⊥,6.0,2.0,0.0,8.0,0.25,2.1906026604999997,4.1149511335,G3,G3: NM-only diagnostic,Low,High
26,⊤⊤,4.0,4.0,0.0,8.0,0.5,1.837655902,3.2417936325000003,G4,G4: neither diagnostic,Low,Low
27,⊥⊥,5.0,3.0,0.0,8.0,0.375,6.7903866765,10.01319146,G1,G1: both diagnostic,High,High
27,⊥⊤,5.0,3.0,0.0,8.0,0.375,8.272919655,13.58345532,G2,G2: BM-only diagnostic,High,Low
27,⊤⊥,4.0,3.0,1.0,8.0,0.42857142857142855,7.39906764,6.465634823,G3,G3: NM-only diagnostic,Low,High
27,⊤⊤,6.0,2.0,0.0,8.0,0.25,7.7056611775,10.62902248,G4,G4: neither diagnostic,Low,Low
28,⊥⊥,3.0,5.0,0.0,8.0,0.625,7.281537413500001,8.465635061,G1,G1: both diagnostic,High,High
28,⊥⊤,5.0,2.0,1.0,8.0,0.2857142857142857,9.784972191,11.03279853,G2,G2: BM-only diagnostic,High,Low
28,⊤⊥,3.0,5.0,0.0,8.0,0.625,7.967083454,11.46563482,G3,G3: NM-only diagnostic,Low,High
28,⊤⊤,5.0,2.0,1.0,8.0,0.2857142857142857,8.322002888,11.23677397,G4,G4: neither diagnostic,Low,Low
29,⊥⊥,4.0,4.0,0.0,8.0,0.5,6.8586255309999995,10.223737361,G1,G1: both diagnostic,High,High
29,⊥⊤,5.0,3.0,0.0,8.0,0.375,5.7462570665,11.4348805,G2,G2: BM-only diagnostic,High,Low
29,⊤⊥,3.0,5.0,0.0,8.0,0.625,6.3364993335,7.079101086,G3,G3: NM-only diagnostic,Low,High
29,⊤⊤,7.0,1.0,0.0,8.0,0.125,6.3251335619999995,11.55653262,G4,G4: neither diagnostic,Low,Low
30,⊥⊥,4.0,4.0,0.0,8.0,0.5,3.080375791,6.952374101,G1,G1: both diagnostic,High,High
30,⊥⊤,3.0,5.0,0.0,8.0,0.625,3.5816175935,5.760946512,G2,G2: BM-only diagnostic,High,Low
30,⊤⊥,3.0,5.0,0.0,8.0,0.625,2.520932794,3.588003874,G3,G3: NM-only diagnostic,Low,High
30,⊤⊤,2.0,6.0,0.0,8.0,0.75,2.915825486,7.907511711,G4,G4: neither diagnostic,Low,Low
31,⊥⊥,3.0,5.0,0.0,8.0,0.625,4.314939618,6.237278461,G1,G1: both diagnostic,High,High
31,⊥⊤,3.0,5.0,0.0,8.0,0.625,4.9469445945,7.251862764,G2,G2: BM-only diagnostic,High,Low
31,⊤⊥,3.0,5.0,0.0,8.0,0.625,4.6957782505,5.568755388,G3,G3: NM-only diagnostic,Low,High
31,⊤⊤,4.0,4.0,0.0,8.0,0.5,4.4730739595,5.5348380805,G4,G4: neither diagnostic,Low,Low
32,⊥⊥,4.0,3.0,1.0,8.0,0.42857142857142855,2.1774683,2.960347891,G1,G1: both diagnostic,High,High
32,⊥⊤,5.0,1.0,2.0,8.0,0.16666666666666666,3.1918509005000004,5.5965760945,G2,G2: BM-only diagnostic,High,Low
32,⊤⊥,1.0,3.0,4.0,8.0,0.75,3.268362045,8.2549630405,G3,G3: NM-only diagnostic,Low,High
32,⊤⊤,5.0,3.0,0.0,8.0,0.375,1.719609022,3.24179244,G4,G4: neither diagnostic,Low,Low
33,⊥⊥,2.0,6.0,0.0,8.0,0.75,1.8053638935,2.8053638935,G1,G1: both diagnostic,High,High
33,⊥⊤,3.0,5.0,0.0,8.0,0.625,3.4026049375,6.208573341,G2,G2: BM-only diagnostic,High,Low
33,⊤⊥,5.0,3.0,0.0,8.0,0.375,2.4868130685,4.26911974,G3,G3: NM-only diagnostic,Low,High
33,⊤⊤,1.0,7.0,0.0,8.0,0.875,3.9380216599999995,5.1813693044999996,G4,G4: neither diagnostic,Low,Low
34,⊥⊥,4.0,2.0,2.0,8.0,0.3333333333333333,3.500587702,4.3027846815,G1,G1: both diagnostic,High,High
34,⊥⊤,2.0,2.0,4.0,8.0,0.5,1.3407170775,3.8407170775,G2,G2: BM-only diagnostic,High,Low
34,⊤⊥,2.0,0.0,6.0,8.0,0.0,0.9724272489999999,1.690522671,G3,G3: NM-only diagnostic,Low,High
34,⊤⊤,4.0,2.0,2.0,8.0,0.3333333333333333,2.8169078825,3.300794125,G4,G4: neither diagnostic,Low,Low
35,⊥⊥,4.0,4.0,0.0,8.0,0.5,4.94900918,6.7725701335,G1,G1: both diagnostic,High,High
35,⊥⊤,6.0,2.0,0.0,8.0,0.25,5.2890732284999995,7.829132914500001,G2,G2: BM-only diagnostic,High,Low
35,⊤⊥,2.0,6.0,0.0,8.0,0.75,4.7269316915,6.3644509315,G3,G3: NM-only diagnostic,Low,High
35,⊤⊤,3.0,5.0,0.0,8.0,0.625,4.1528314355,6.730576992,G4,G4: neither diagnostic,Low,Low
36,⊥⊥,4.0,4.0,0.0,8.0,0.5,4.438941479,7.2394132615,G1,G1: both diagnostic,High,High
36,⊥⊤,5.0,3.0,0.0,8.0,0.375,5.5697654485,7.784972191,G2,G2: BM-only diagnostic,High,Low
36,⊤⊥,3.0,5.0,0.0,8.0,0.625,4.3904873129999995,6.381906986,G3,G3: NM-only diagnostic,Low,High
36,⊤⊤,4.0,4.0,0.0,8.0,0.5,4.107434869,7.425874591,G4,G4: neither diagnostic,Low,Low
37,⊥⊥,5.0,2.0,1.0,8.0,0.2857142857142857,7.236675739,8.615801096,G1,G1: both diagnostic,High,High
37,⊥⊤,6.0,1.0,1.0,8.0,0.14285714285714285,8.412435293,9.412435293,G2,G2: BM-only diagnostic,High,Low
37,⊤⊥,6.0,2.0,0.0,8.0,0.25,6.7540866135,6.430099845,G3,G3: NM-only diagnostic,Low,High
37,⊤⊤,6.0,2.0,0.0,8.0,0.25,5.8649414775,6.8649414775,G4,G4: neither diagnostic,Low,Low
38,⊥⊥,4.0,4.0,0.0,8.0,0.5,4.656487465,5.656487465,G1,G1: both diagnostic,High,High
38,⊥⊤,4.0,1.0,3.0,8.0,0.2,3.674104929,5.2555607555,G2,G2: BM-only diagnostic,High,Low
38,⊤⊥,4.0,3.0,1.0,8.0,0.42857142857142855,5.224411726,9.96280706,G3,G3: NM-only diagnostic,Low,High
38,⊤⊤,6.0,2.0,0.0,8.0,0.25,4.201714754,5.932847023000001,G4,G4: neither diagnostic,Low,Low
39,⊥⊥,2.0,6.0,0.0,8.0,0.75,3.1715756655,4.5918164255,G1,G1: both diagnostic,High,High
39,⊥⊤,6.0,2.0,0.0,8.0,0.25,2.882415891,4.7928677795,G2,G2: BM-only diagnostic,High,Low
39,⊤⊥,1.0,7.0,0.0,8.0,0.875,3.4868130685,4.708494663,G3,G3: NM-only diagnostic,Low,High
39,⊤⊤,6.0,2.0,0.0,8.0,0.25,3.8618189095,5.361296177,G4,G4: neither diagnostic,Low,Low
40,⊥⊥,6.0,2.0,0.0,8.0,0.25,5.3506265875,5.861821175,G1,G1: both diagnostic,High,High
40,⊥⊤,4.0,2.0,2.0,8.0,0.3333333333333333,3.8037874699999996,4.674104929,G2,G2: BM-only diagnostic,High,Low
40,⊤⊥,1.0,3.0,4.0,8.0,0.75,4.6212608815,6.018110037,G3,G3: NM-only diagnostic,Low,High
40,⊤⊤,3.0,1.0,4.0,8.0,0.25,4.201714754,14.93911445,G4,G4: neither diagnostic,Low,Low
41,⊥⊥,4.0,4.0,0.0,8.0,0.5,2.7282241579999997,3.7334613799999996,G1,G1: both diagnostic,High,High
41,⊥⊤,4.0,3.0,1.0,8.0,0.42857142857142855,1.514910221,2.59816885,G2,G2: BM-only diagnostic,High,Low
41,⊤⊥,5.0,3.0,0.0,8.0,0.375,1.9164525270000001,2.896358967,G3,G3: NM-only diagnostic,Low,High
41,⊤⊤,3.0,3.0,2.0,8.0,0.5,2.0541108845,3.279237032,G4,G4: neither diagnostic,Low,Low
42,⊥⊥,4.0,4.0,0.0,8.0,0.5,2.1275843385,3.7356749775,G1,G1: both diagnostic,High,High
42,⊥⊤,4.0,3.0,1.0,8.0,0.42857142857142855,3.079295635,6.489588857,G2,G2: BM-only diagnostic,High,Low
42,⊤⊥,3.0,4.0,1.0,8.0,0.5714285714285714,3.03674674,6.86488986,G3,G3: NM-only diagnostic,Low,High
42,⊤⊤,4.0,4.0,0.0,8.0,0.5,2.319080114,4.032801628,G4,G4: neither diagnostic,Low,Low
43,⊥⊥,2.0,5.0,1.0,8.0,0.7142857142857143,2.013850212,4.4856419565,G1,G1: both diagnostic,High,High
43,⊥⊤,6.0,2.0,0.0,8.0,0.25,2.0099351405,2.608277321,G2,G2: BM-only diagnostic,High,Low
43,⊤⊥,3.0,5.0,0.0,8.0,0.625,1.5219377280000002,2.475120068,G3,G3: NM-only diagnostic,Low,High
43,⊤⊤,5.0,3.0,0.0,8.0,0.375,1.915785909,2.02389884,G4,G4: neither diagnostic,Low,Low
44,⊥⊥,4.0,4.0,0.0,8.0,0.5,4.4418219325,4.652019858,G1,G1: both diagnostic,High,High
44,⊥⊤,5.0,3.0,0.0,8.0,0.375,4.3746347425000005,4.583455324,G2,G2: BM-only diagnostic,High,Low
44,⊤⊥,4.0,4.0,0.0,8.0,0.5,3.9263997075,4.9263997075,G3,G3: NM-only diagnostic,Low,High
44,⊤⊤,6.0,2.0,0.0,8.0,0.25,5.862233281,6.877591967500001,G4,G4: neither diagnostic,Low,Low
45,⊥⊥,8.0,0.0,0.0,8.0,0.0,7.950345397,8.4035060405,G1,G1: both diagnostic,High,High
45,⊥⊤,8.0,0.0,0.0,8.0,0.0,8.375346303,8.936561583,G2,G2: BM-only diagnostic,High,Low
45,⊤⊥,4.0,3.0,1.0,8.0,0.42857142857142855,7.172513962,11.06256533,G3,G3: NM-only diagnostic,Low,High
45,⊤⊤,6.0,2.0,0.0,8.0,0.25,8.321128249000001,7.3649414775,G4,G4: neither diagnostic,Low,Low
46,⊥⊥,3.0,5.0,0.0,8.0,0.625,3.4079807994999998,5.237278461,G1,G1: both diagnostic,High,High
46,⊥⊤,6.0,2.0,0.0,8.0,0.25,3.4469445945,7.1066747905,G2,G2: BM-only diagnostic,High,Low
46,⊤⊥,2.0,6.0,0.0,8.0,0.75,3.1388349535,5.726131200999999,G3,G3: NM-only diagnostic,Low,High
46,⊤⊤,6.0,2.0,0.0,8.0,0.25,2.751186609,5.996920347,G4,G4: neither diagnostic,Low,Low
47,⊥⊥,4.0,3.0,1.0,8.0,0.42857142857142855,2.780554056,5.836760759000001,G1,G1: both diagnostic,High,High
47,⊥⊤,4.0,2.0,2.0,8.0,0.3333333333333333,2.6269880535,7.077818632,G2,G2: BM-only diagnostic,High,Low
47,⊤⊥,0.0,3.0,5.0,8.0,1.0,3.418645859,8.566069602999999,G3,G3: NM-only diagnostic,Low,High
47,⊤⊤,2.0,4.0,2.0,8.0,0.6666666666666666,3.6679183245,4.8967956305,G4,G4: neither diagnostic,Low,Low
48,⊥⊥,5.0,3.0,0.0,8.0,0.375,6.5182477235,5.911883593,G1,G1: both diagnostic,High,High
48,⊥⊤,4.0,4.0,0.0,8.0,0.5,6.348306656,7.585926056,G2,G2: BM-only diagnostic,High,Low
48,⊤⊥,4.0,4.0,0.0,8.0,0.5,6.51462543,8.652296066,G3,G3: NM-only diagnostic,Low,High
48,⊤⊤,6.0,2.0,0.0,8.0,0.25,5.612857103,7.112857103,G4,G4: neither diagnostic,Low,Low
49,⊥⊥,5.0,3.0,0.0,8.0,0.375,5.6290831565,6.284889698,G1,G1: both diagnostic,High,High
49,⊥⊤,6.0,2.0,0.0,8.0,0.25,4.4421720505,4.9079190495,G2,G2: BM-only diagnostic,High,Low
49,⊤⊥,4.0,4.0,0.0,8.0,0.5,5.894977927,8.992943406,G3,G3: NM-only diagnostic,Low,High
49,⊤⊤,7.0,1.0,0.0,8.0,0.125,6.3079674245,4.739433289,G4,G4: neither diagnostic,Low,Low
50,⊥⊥,4.0,4.0,0.0,8.0,0.5,3.4921895265,5.485341549,G1,G1: both diagnostic,High,High
50,⊥⊤,5.0,3.0,0.0,8.0,0.375,2.975590706,4.892864704,G2,G2: BM-only diagnostic,High,Low
50,⊤⊥,3.0,5.0,0.0,8.0,0.625,3.4059273005,5.424253702,G3,G3: NM-only diagnostic,Low,High
50,⊤⊤,5.0,3.0,0.0,8.0,0.375,3.661980033,7.069700003,G4,G4: neither diagnostic,Low,Low
51,⊥⊥,4.0,4.0,0.0,8.0,0.5,2.3352874515,3.010256052,G1,G1: both diagnostic,High,High
51,⊥⊤,5.0,3.0,0.0,8.0,0.375,3.1711672545000003,4.386038065,G2,G2: BM-only diagnostic,High,Low
51,⊤⊥,3.0,5.0,0.0,8.0,0.625,2.7154234644999997,4.369725943,G3,G3: NM-only diagnostic,Low,High
51,⊤⊤,4.0,4.0,0.0,8.0,0.5,2.221573234,4.4252175094999995,G4,G4: neither diagnostic,Low,Low
52,⊥⊥,5.0,3.0,0.0,8.0,0.375,6.345824718499999,7.779765844,G1,G1: both diagnostic,High,High
52,⊥⊤,4.0,4.0,0.0,8.0,0.5,6.6322734355,8.7462570665,G2,G2: BM-only diagnostic,High,Low
52,⊤⊥,5.0,3.0,0.0,8.0,0.375,6.2540330885,8.914168596,G3,G3: NM-only diagnostic,Low,High
52,⊤⊤,4.0,4.0,0.0,8.0,0.5,5.9256148335,9.1499221305,G4,G4: neither diagnostic,Low,Low
53,⊥⊥,1.0,7.0,0.0,8.0,0.875,3.841609359,6.432958126,G1,G1: both diagnostic,High,High
53,⊥⊤,5.0,3.0,0.0,8.0,0.375,3.3286726475000004,4.386038065,G2,G2: BM-only diagnostic,High,Low
53,⊤⊥,3.0,5.0,0.0,8.0,0.625,3.956330061,6.242425919,G3,G3: NM-only diagnostic,Low,High
53,⊤⊤,7.0,1.0,0.0,8.0,0.125,2.588761926,4.054323196,G4,G4: neither diagnostic,Low,Low
54,⊥⊥,3.0,2.0,3.0,8.0,0.4,3.882240057,8.216717005,G1,G1: both diagnostic,High,High
54,⊥⊤,2.0,3.0,3.0,8.0,0.6,1.542649031,4.805613756,G2,G2: BM-only diagnostic,High,Low
54,⊤⊥,5.0,2.0,1.0,8.0,0.2857142857142857,3.698695421,6.1780084375,G3,G3: NM-only diagnostic,Low,High
54,⊤⊤,3.0,4.0,1.0,8.0,0.5714285714285714,2.671589613,7.962545395,G4,G4: neither diagnostic,Low,Low
55,⊥⊥,2.0,6.0,0.0,8.0,0.75,7.4626716375,9.802075743,G1,G1: both diagnostic,High,High
55,⊥⊤,4.0,4.0,0.0,8.0,0.5,6.3679754735,6.5923961405,G2,G2: BM-only diagnostic,High,Low
55,⊤⊥,3.0,5.0,0.0,8.0,0.625,5.459936619,7.500040293,G3,G3: NM-only diagnostic,Low,High
55,⊤⊤,4.0,3.0,1.0,8.0,0.42857142857142855,7.342524529,11.34442067,G4,G4: neither diagnostic,Low,Low
56,⊥⊥,0.0,8.0,0.0,8.0,1.0,2.257724285,4.152019858,G1,G1: both diagnostic,High,High
56,⊥⊤,2.0,5.0,1.0,8.0,0.7142857142857143,1.775437117,10.96238399,G2,G2: BM-only diagnostic,High,Low
56,⊤⊥,4.0,3.0,1.0,8.0,0.42857142857142855,2.453731775,4.917819380499999,G3,G3: NM-only diagnostic,Low,High
56,⊤⊤,1.0,6.0,1.0,8.0,0.8571428571428571,3.322002888,5.044533014,G4,G4: neither diagnostic,Low,Low
57,⊥⊥,5.0,3.0,0.0,8.0,0.375,1.761732459,3.153701544,G1,G1: both diagnostic,High,High
57,⊥⊤,4.0,4.0,0.0,8.0,0.5,1.956274748,3.2835603950000003,G2,G2: BM-only diagnostic,High,Low
57,⊤⊥,2.0,4.0,2.0,8.0,0.6666666666666666,2.2068059445,3.932601452,G3,G3: NM-only diagnostic,Low,High
57,⊤⊤,5.0,3.0,0.0,8.0,0.375,1.8093224765,3.030352831,G4,G4: neither diagnostic,Low,Low
58,⊥⊥,2.0,6.0,0.0,8.0,0.75,3.1982212065,4.356244445,G1,G1: both diagnostic,High,High
58,⊥⊤,5.0,3.0,0.0,8.0,0.375,2.9144371745,4.725454807,G2,G2: BM-only diagnostic,High,Low
58,⊤⊥,4.0,4.0,0.0,8.0,0.5,3.484840155,6.349462509,G3,G3: NM-only diagnostic,Low,High
58,⊤⊤,4.0,2.0,2.0,8.0,0.3333333333333333,2.5689970255,4.291795015,G4,G4: neither diagnostic,Low,Low
59,⊥⊥,2.0,6.0,0.0,8.0,0.75,3.8049371240000003,6.1294908525,G1,G1: both diagnostic,High,High
59,⊥⊤,5.0,3.0,0.0,8.0,0.375,2.4509204625,6.386038065,G2,G2: BM-only diagnostic,High,Low
59,⊤⊥,3.0,5.0,0.0,8.0,0.625,4.276073337,5.700607538,G3,G3: NM-only diagnostic,Low,High
59,⊤⊤,7.0,1.0,0.0,8.0,0.125,3.4252175095,4.386646271,G4,G4: neither diagnostic,Low,Low
60,⊥⊥,3.0,5.0,0.0,8.0,0.625,3.8951604365000003,5.578683138,G1,G1: both diagnostic,High,High
60,⊥⊤,4.0,4.0,0.0,8.0,0.5,3.4469445945,7.0512654779999995,G2,G2: BM-only diagnostic,High,Low
60,⊤⊥,3.0,5.0,0.0,8.0,0.625,4.045027494499999,5.521299601,G3,G3: NM-only diagnostic,Low,High
60,⊤⊤,6.0,2.0,0.0,8.0,0.25,4.8182313445,7.898950576999999,G4,G4: neither diagnostic,Low,Low
61,⊥⊥,4.0,4.0,0.0,8.0,0.5,4.492189526500001,5.6783111095,G1,G1: both diagnostic,High,High
61,⊥⊤,4.0,4.0,0.0,8.0,0.5,5.3877831695000005,8.975590705999998,G2,G2: BM-only diagnostic,High,Low
61,⊤⊥,2.0,6.0,0.0,8.0,0.75,4.327311993,7.581387042999999,G3,G3: NM-only diagnostic,Low,High
61,⊤⊤,7.0,0.0,1.0,8.0,0.0,4.069700003,5.6470565795,G4,G4: neither diagnostic,Low,Low
62,⊥⊥,3.0,5.0,0.0,8.0,0.625,5.407843590000001,7.551193953,G1,G1: both diagnostic,High,High
62,⊥⊤,5.0,3.0,0.0,8.0,0.375,7.427831769,9.857007743,G2,G2: BM-only diagnostic,High,Low
62,⊤⊥,0.0,8.0,0.0,8.0,1.0,4.840866089,8.153270484,G3,G3: NM-only diagnostic,Low,High
62,⊤⊤,5.0,3.0,0.0,8.0,0.375,5.6205872295,9.843603134,G4,G4: neither diagnostic,Low,Low
63,⊥⊥,4.0,4.0,0.0,8.0,0.5,5.707029462,7.621326089,G1,G1: both diagnostic,High,High
63,⊥⊤,6.0,2.0,0.0,8.0,0.25,5.1389324665,7.217527032,G2,G2: BM-only diagnostic,High,Low
63,⊤⊥,2.0,6.0,0.0,8.0,0.75,5.081387042999999,7.581387042999999,G3,G3: NM-only diagnostic,Low,High
63,⊤⊤,8.0,0.0,0.0,8.0,0.0,6.477686047500001,5.239070535,G4,G4: neither diagnostic,Low,Low
64,⊥⊥,2.0,6.0,0.0,8.0,0.75,3.073339462,4.327231406999999,G1,G1: both diagnostic,High,High
64,⊥⊤,6.0,2.0,0.0,8.0,0.25,3.474093914,4.6439130305,G2,G2: BM-only diagnostic,High,Low
64,⊤⊥,4.0,4.0,0.0,8.0,0.5,3.231260419,3.9808781145,G3,G3: NM-only diagnostic,Low,High
64,⊤⊤,5.0,3.0,0.0,8.0,0.375,3.0617679355,5.297917128,G4,G4: neither diagnostic,Low,Low
65,⊥⊥,4.0,4.0,0.0,8.0,0.5,5.134093523000001,7.777443886,G1,G1: both diagnostic,High,High
65,⊥⊤,7.0,1.0,0.0,8.0,0.125,4.6741313935,6.9902671575,G2,G2: BM-only diagnostic,High,Low
65,⊤⊥,3.0,5.0,0.0,8.0,0.625,5.391003847,11.419864775,G3,G3: NM-only diagnostic,Low,High
65,⊤⊤,7.0,1.0,0.0,8.0,0.125,3.9393053050000004,9.834157228,G4,G4: neither diagnostic,Low,Low
66,⊥⊥,2.0,6.0,0.0,8.0,0.75,4.929370284,6.929370284000001,G1,G1: both diagnostic,High,High
66,⊥⊤,7.0,1.0,0.0,8.0,0.125,5.375346303,6.412435293,G2,G2: BM-only diagnostic,High,Low
66,⊤⊥,4.0,4.0,0.0,8.0,0.5,5.574548483,6.7416368725,G3,G3: NM-only diagnostic,Low,High
66,⊤⊤,5.0,2.0,1.0,8.0,0.2857142857142857,6.227831602,9.3349084845,G4,G4: neither diagnostic,Low,Low
67,⊥⊥,3.0,5.0,0.0,8.0,0.625,2.34488976,4.147649527,G1,G1: both diagnostic,High,High
67,⊥⊤,5.0,3.0,0.0,8.0,0.375,2.4959266185,3.901432514,G2,G2: BM-only diagnostic,High,Low
67,⊤⊥,3.0,5.0,0.0,8.0,0.625,2.4706027510000004,4.521249533,G3,G3: NM-only diagnostic,Low,High
67,⊤⊤,4.0,4.0,0.0,8.0,0.5,3.060260892,5.784474491999999,G4,G4: neither diagnostic,Low,Low
68,⊥⊥,5.0,3.0,0.0,8.0,0.375,5.025643468,6.818125725,G1,G1: both diagnostic,High,High
68,⊥⊤,4.0,4.0,0.0,8.0,0.5,3.680508494,5.180508494,G2,G2: BM-only diagnostic,High,Low
68,⊤⊥,4.0,4.0,0.0,8.0,0.5,3.094598532,4.2566654680000005,G3,G3: NM-only diagnostic,Low,High
68,⊤⊤,5.0,2.0,1.0,8.0,0.2857142857142857,3.389944792,7.486098528,G4,G4: neither diagnostic,Low,Low
69,⊥⊥,5.0,3.0,0.0,8.0,0.375,3.7549834250000003,4.290449381,G1,G1: both diagnostic,High,High
69,⊥⊤,6.0,2.0,0.0,8.0,0.25,4.3679754735,5.3679754735,G2,G2: BM-only diagnostic,High,Low
69,⊤⊥,3.0,5.0,0.0,8.0,0.625,3.8329459430000004,6.265274048,G3,G3: NM-only diagnostic,Low,High
69,⊤⊤,6.0,2.0,0.0,8.0,0.25,3.8434726,5.3211688995,G4,G4: neither diagnostic,Low,Low
70,⊥⊥,2.0,6.0,0.0,8.0,0.75,0.898687005,2.2582873105,G1,G1: both diagnostic,High,High
70,⊥⊤,6.0,1.0,1.0,8.0,0.14285714285714285,2.057565928,3.272687674,G2,G2: BM-only diagnostic,High,Low
70,⊤⊥,3.0,4.0,1.0,8.0,0.5714285714285714,2.70656848,4.12830019,G3,G3: NM-only diagnostic,Low,High
70,⊤⊤,4.0,4.0,0.0,8.0,0.5,1.984839797,3.5338129995000003,G4,G4: neither diagnostic,Low,Low
71,⊥⊥,4.0,4.0,0.0,8.0,0.5,1.4856419564999999,3.510380626,G1,G1: both diagnostic,High,High
71,⊥⊤,5.0,2.0,1.0,8.0,0.2857142857142857,2.768007517,6.551142454,G2,G2: BM-only diagnostic,High,Low
71,⊤⊥,2.0,6.0,0.0,8.0,0.75,1.438149095,1.4849667549999999,G3,G3: NM-only diagnostic,Low,High
71,⊤⊤,4.0,4.0,0.0,8.0,0.5,1.778165102,2.4965051415,G4,G4: neither diagnostic,Low,Low
72,⊥⊥,5.0,3.0,0.0,8.0,0.375,5.1471284625,5.393449545,G1,G1: both diagnostic,High,High
72,⊥⊤,6.0,2.0,0.0,8.0,0.25,6.1262072325,7.2817803625,G2,G2: BM-only diagnostic,High,Low
72,⊤⊥,1.0,7.0,0.0,8.0,0.875,4.980878114499999,6.762880087,G3,G3: NM-only diagnostic,Low,High
72,⊤⊤,6.0,2.0,0.0,8.0,0.25,6.1637277605000005,6.14142406,G4,G4: neither diagnostic,Low,Low
73,⊥⊥,2.0,6.0,0.0,8.0,0.75,6.6852686405,7.900108576,G1,G1: both diagnostic,High,High
73,⊥⊤,5.0,3.0,0.0,8.0,0.375,5.653226972000001,6.911290646,G2,G2: BM-only diagnostic,High,Low
73,⊤⊥,4.0,4.0,0.0,8.0,0.5,5.572265982499999,8.5722659825,G3,G3: NM-only diagnostic,Low,High
73,⊤⊤,7.0,1.0,0.0,8.0,0.125,7.548632264,9.885672092,G4,G4: neither diagnostic,Low,Low
74,⊥⊥,4.0,3.0,1.0,8.0,0.42857142857142855,6.336618185,7.336618185,G1,G1: both diagnostic,High,High
74,⊥⊤,6.0,2.0,0.0,8.0,0.25,6.45707047,10.90791905,G2,G2: BM-only diagnostic,High,Low
74,⊤⊥,3.0,4.0,1.0,8.0,0.5714285714285714,4.81337285,6.992943406,G3,G3: NM-only diagnostic,Low,High
74,⊤⊤,4.0,4.0,0.0,8.0,0.5,5.1971281765,6.4836324455,G4,G4: neither diagnostic,Low,Low
