experiment_setting_keys,experiment_setting_values,round,room,timestamp,title,tree_tag,player_uuids,player_types,avatar_shapes,avatar_colors,adjacency_matrix,idnum_label_map,perspective_of_player,final_node,tree_status,players_abdicated,durations,cumulative_payoffs_tree,cumulative_payoffs_experiment,choice_type_,choice_type_A,choice_type_B,choice_type_BA,choice_type_BB,choice_type_BBA,choice_type_BBB,probability_,probability_A,probability_B,probability_BA,probability_BB,probability_BBA,probability_BBB,positionxy_,positionxy_A,positionxy_B,positionxy_BA,positionxy_BB,positionxy_BBA,positionxy_BBB,info_set_,info_set_A,info_set_B,info_set_BA,info_set_BB,info_set_BBA,info_set_BBB,time_,time_A,time_B,time_BA,time_BB,time_BBA,time_BBB,beliefs_,beliefs_A,beliefs_B,beliefs_BA,beliefs_BB,beliefs_BBA,beliefs_BBB,options_,options_A,options_B,options_BA,options_BB,options_BBA,options_BBB,payoffs__p0,payoffs__p1,payoffs_A_p0,payoffs_A_p1,payoffs_B_p0,payoffs_B_p1,payoffs_BA_p0,payoffs_BA_p1,payoffs_BB_p0,payoffs_BB_p1,payoffs_BBA_p0,payoffs_BBA_p1,payoffs_BBB_p0,payoffs_BBB_p1,choice__p0,choice__p1,choice_A_p0,choice_A_p1,choice_B_p0,choice_B_p1,choice_BA_p0,choice_BA_p1,choice_BB_p0,choice_BB_p1,choice_BBA_p0,choice_BBA_p1,choice_BBB_p0,choice_BBB_p1,prediction__p0,prediction__p1,prediction_A_p0,prediction_A_p1,prediction_B_p0,prediction_B_p1,prediction_BA_p0,prediction_BA_p1,prediction_BB_p0,prediction_BB_p1,prediction_BBA_p0,prediction_BBA_p1,prediction_BBB_p0,prediction_BBB_p1,choice_data__p0,choice_data__p1,choice_data_A_p0,choice_data_A_p1,choice_data_B_p0,choice_data_B_p1,choice_data_BA_p0,choice_data_BA_p1,choice_data_BB_p0,choice_data_BB_p1,choice_data_BBA_p0,choice_data_BBA_p1,choice_data_BBB_p0,choice_data_BBB_p1,prediction_data__p0,prediction_data__p1,prediction_data_A_p0,prediction_data_A_p1,prediction_data_B_p0,prediction_data_B_p1,prediction_data_BA_p0,prediction_data_BA_p1,prediction_data_BB_p0,prediction_data_BB_p1,prediction_data_BBA_p0,prediction_data_BBA_p1,prediction_data_BBB_p0,prediction_data_BBB_p1
rounds,"{'apply': True, 'distribution_type': 'sigmoid', 'interval': [0, 200], 'coefficients': [1, 32]}",0,0,1711732792,ToM+SSSM-2143-4213,TREE-1.2-0.0-0.1-2.0-2.2-4.0-4.0,"['95e274f2-3c8f-432f-b94c-74e4de8368aa', 'f2912199-3413-44b7-abdc-56022c41cc00']","['participant', 'robot']","['two-triangle', 'hour-glass']","['hsla(294, 66%, 44%, 1.0)', 'hsla(334, 65%, 46%, 1.0)']","[[1, 1], [1, 1]]","{0: '', 1: 'A', 2: 'B', 3: 'BA', 4: 'BB', 5: 'BBA', 6: 'BBB'}",,1,after,"[True, False]","{'max': 32, 'min': 32, 'avg': 26.0, 'root': 8}","[-10, 0]","[-23, 94]",sequential,chance,sequential,chance,sequential,chance,chance,"[1.0, 1.0]","[0.5, 1.0]","[0.5, 1.0]","[0.5, 1.0]","[0.5, 1.0]","[0.5, 1.0]","[0.5, 1.0]","[0.5, 1.0]","[0.375, 0.666667]","[0.625, 0.666667]","[0.5625, 0.333333]","[0.6875, 0.333333]","[0.65625, 0.0]","[0.71875, 0.0]",[[0]],[[1]],[[2]],[[3]],[[4]],[[5]],[[6]],"(0, 8)","(8, 16)","(8, 16)","(16, 24)","(16, 24)","(24, 32)","(24, 32)",{},{},{},{},{},{},{},"['A', 'B']",[],"['BA', 'BB']",[],"['BBA', 'BBB']",[],[],0,0,2,4,0,0,1,2,0,0,4,1,3,3,A,,,,,,,,,,,,,,,A,,,,,,,,,,,,,"{'rtype': None, 'rtimedn': 9, 'rtimeup': 9}",,,,,,,,,,,,,,,"{'rtype': 'a', 'rtimedn': 2.345, 'rtimeup': 3.497}",,,,,,,,,,,,
time_horizon,"{'apply': True, 'interval': [0, 1], 'distribution_type': 'uniform', 'coefficients': [0, 1]}",1,0,1711732804,ToM+SSSM-2143-3214,TREE-1.2-0.0-0.1-2.0-2.2-4.0-4.0,"['95e274f2-3c8f-432f-b94c-74e4de8368aa', 'f2912199-3413-44b7-abdc-56022c41cc00']","['participant', 'robot']","['two-triangle', 'hour-glass']","['hsla(294, 66%, 44%, 1.0)', 'hsla(334, 65%, 46%, 1.0)']","[[1, 1], [1, 1]]","{0: '', 1: 'A', 2: 'B', 3: 'BA', 4: 'BB', 5: 'BBA', 6: 'BBB'}",,3,after,"[True, False]","{'max': 132, 'min': 132, 'avg': 126.0, 'root': 8}","[-10, 0]","[-23, 94]",sequential,chance,sequential,chance,sequential,chance,chance,"[1.0, 1.0]","[0.5, 1.0]","[0.5, 1.0]","[0.5, 1.0]","[0.5, 1.0]","[0.5, 1.0]","[0.5, 1.0]","[0.5, 1.0]","[0.375, 0.666667]","[0.625, 0.666667]","[0.5625, 0.333333]","[0.6875, 0.333333]","[0.65625, 0.0]","[0.71875, 0.0]",[[0]],[[1]],[[2]],[[3]],[[4]],[[5]],[[6]],"(0, 8)","(108, 116)","(108, 116)","(116, 124)","(116, 124)","(124, 132)","(124, 132)",{},{},{},{},{},{},{},"['A', 'B']",[],"['BA', 'BB']",[],"['BBA', 'BBB']",[],[],0,0,2,3,0,0,1,2,0,0,4,1,3,4,B,,,,,BA,,,,,,,,,,A,,,BB,,,,,,,,,,"{'rtype': 'select-node', 'rtimedn': 108.615, 'rtimeup': 108.615}",,,,,"{'rtype': 'a', 'rtimedn': 2.345, 'rtimeup': 3.497}",,,,,,,,,,"{'rtype': 'a', 'rtimedn': 2.345, 'rtimeup': 3.497}",,,"{'rtype': 'select-node', 'rtimedn': 109.142, 'rtimeup': 109.142}",,,,,,,,,
payoff_dimensions,"{'SSD': {'apply': True, 'distribution_type': 'uniform', 'interval': [0, 1], 'coefficients': [1, 1]}, 'OOD': {'apply': True, 'distribution_type': 'uniform', 'interval': [0, 1], 'coefficients': [1, 1]}, 'SOD': {'apply': True, 'distribution_type': 'uniform', 'interval': [0, 1], 'coefficients': [1, 1]}, 'abdication_penalty': 10, 'payoff_values': [1, 9], 'cents_per_payoff': 0}",2,0,1711732815,ToM+SSSM-2143-1324,TREE-1.2-0.0-0.1-2.0-2.2-4.0-4.0,"['95e274f2-3c8f-432f-b94c-74e4de8368aa', 'f2912199-3413-44b7-abdc-56022c41cc00']","['participant', 'robot']","['two-triangle', 'hour-glass']","['hsla(294, 66%, 44%, 1.0)', 'hsla(334, 65%, 46%, 1.0)']","[[1, 1], [1, 1]]","{0: '', 1: 'A', 2: 'B', 3: 'BA', 4: 'BB', 5: 'BBA', 6: 'BBB'}",,3,after,"[True, False]","{'max': 133, 'min': 133, 'avg': 127.0, 'root': 8}","[-10, 0]","[-23, 94]",sequential,chance,sequential,chance,sequential,chance,chance,"[1.0, 1.0]","[0.5, 1.0]","[0.5, 1.0]","[0.5, 1.0]","[0.5, 1.0]","[0.5, 1.0]","[0.5, 1.0]","[0.5, 1.0]","[0.375, 0.666667]","[0.625, 0.666667]","[0.5625, 0.333333]","[0.6875, 0.333333]","[0.65625, 0.0]","[0.71875, 0.0]",[[0]],[[1]],[[2]],[[3]],[[4]],[[5]],[[6]],"(0, 8)","(109, 117)","(109, 117)","(117, 125)","(117, 125)","(125, 133)","(125, 133)",{},{},{},{},{},{},{},"['A', 'B']",[],"['BA', 'BB']",[],"['BBA', 'BBB']",[],[],0,0,2,1,0,0,1,3,0,0,4,2,3,4,B,,,,,BA,,,,,,,,,,A,,,BA,,,,,,,,,,"{'rtype': 'select-node', 'rtimedn': 109.776, 'rtimeup': 109.776}",,,,,"{'rtype': 'd', 'rtimedn': 2.345, 'rtimeup': 3.497}",,,,,,,,,,"{'rtype': 'a', 'rtimedn': 2.345, 'rtimeup': 3.497}",,,"{'rtype': 'select-node', 'rtimedn': 110.321, 'rtimeup': 110.321}",,,,,,,,,
players,"{'n_humans': 1, 'n_robots': 1, 'can_join_late': True, 'proportion_over_number': True, 'start_when_enough_humans': True, 'exclude_researchers': False}",3,0,1711732827,ToM+SSSM-3421-2341,TREE-1.2-0.0-0.1-2.0-2.2-4.0-4.0,"['95e274f2-3c8f-432f-b94c-74e4de8368aa', 'f2912199-3413-44b7-abdc-56022c41cc00']","['participant', 'robot']","['two-triangle', 'hour-glass']","['hsla(294, 66%, 44%, 1.0)', 'hsla(334, 65%, 46%, 1.0)']","[[1, 1], [1, 1]]","{0: '', 1: 'A', 2: 'B', 3: 'BA', 4: 'BB', 5: 'BBA', 6: 'BBB'}",,6,after,"[True, False]","{'max': 127, 'min': 127, 'avg': 97.5, 'root': 8}","[-10, 0]","[-23, 94]",sequential,chance,sequential,chance,sequential,chance,chance,"[1.0, 1.0]","[0.5, 1.0]","[0.5, 1.0]","[0.5, 1.0]","[0.5, 1.0]","[0.5, 1.0]","[0.5, 1.0]","[0.5, 1.0]","[0.375, 0.666667]","[0.625, 0.666667]","[0.5625, 0.333333]","[0.6875, 0.333333]","[0.65625, 0.0]","[0.71875, 0.0]",[[0]],[[1]],[[2]],[[3]],[[4]],[[5]],[[6]],"(0, 8)","(9, 17)","(9, 17)","(111, 119)","(111, 119)","(119, 127)","(119, 127)",{},{},{},{},{},{},{},"['A', 'B']",[],"['BA', 'BB']",[],"['BBA', 'BBB']",[],[],0,0,3,2,0,0,4,3,0,0,2,4,1,1,B,,,,,BB,,,BBB,,,,,,,A,,,BA,,,,,BBA,,,,,"{'rtype': None, 'rtimedn': 9, 'rtimeup': 9}",,,,,"{'rtype': 'a', 'rtimedn': 2.345, 'rtimeup': 3.497}",,,"{'rtype': 'select-node', 'rtimedn': 111.482, 'rtimeup': 111.482}",,,,,,,"{'rtype': 'a', 'rtimedn': 2.345, 'rtimeup': 3.497}",,,"{'rtype': 'select-node', 'rtimedn': 111.332, 'rtimeup': 111.332}",,,,,"{'rtype': 'a', 'rtimedn': 2.345, 'rtimeup': 3.497}",,,,
game_speed,"{'seconds_per_node': 8, 'seconds_per_descendant': 0, 'buffer_between_levels': 0}",4,0,1711732831,ToM+SMSS-3412-1324,TREE-1.2-0.0-0.1-2.0-2.2-4.0-4.0,"['95e274f2-3c8f-432f-b94c-74e4de8368aa', 'f2912199-3413-44b7-abdc-56022c41cc00']","['participant', 'robot']","['two-triangle', 'hour-glass']","['hsla(294, 66%, 44%, 1.0)', 'hsla(334, 65%, 46%, 1.0)']","[[1, 1], [1, 1]]","{0: '', 1: 'A', 2: 'B', 3: 'BA', 4: 'BB', 5: 'BBA', 6: 'BBB'}",,1,after,"[True, False]","{'max': 32, 'min': 32, 'avg': 26.0, 'root': 8}","[-10, 0]","[-23, 94]",sequential,chance,sequential,chance,sequential,chance,chance,"[1.0, 1.0]","[0.5, 1.0]","[0.5, 1.0]","[0.5, 1.0]","[0.5, 1.0]","[0.5, 1.0]","[0.5, 1.0]","[0.5, 1.0]","[0.375, 0.666667]","[0.625, 0.666667]","[0.5625, 0.333333]","[0.6875, 0.333333]","[0.65625, 0.0]","[0.71875, 0.0]",[[0]],[[1]],[[2]],[[3]],[[4]],[[5]],[[6]],"(0, 8)","(8, 16)","(8, 16)","(16, 24)","(16, 24)","(24, 32)","(24, 32)",{},{},{},{},{},{},{},"['A', 'B']",[],"['BA', 'BB']",[],"['BBA', 'BBB']",[],[],0,0,3,1,0,0,4,3,0,0,1,2,2,4,A,,,,,,,,,,,,,,,A,,,,,,,,,,,,,"{'rtype': 'select-node', 'rtimedn': 111.913, 'rtimeup': 111.913}",,,,,,,,,,,,,,,"{'rtype': 'd', 'rtimedn': 2.345, 'rtimeup': 3.497}",,,,,,,,,,,,
game_trees,"{'preselected': False, 'trees_list': ['Tree_of_Spite', 'Tutorial_Tree_0', 'Abdication_Frenzy', 'Semi_Simultaneous', 'Prisoners_Dilemma', 'Intermediate_Payoffs', 'Ternary_Dictator_Game', 'Artificial_Agent_Tester', 'Insurance_for_Used_Cars', 'Simultaneous_Predictions', 'Three_Player_Enjoyment', 'Tripple_Simultaneous', 'Asking_for_a_Raise']}",5,0,1711732846,ToM+SMSS-3412-4213,TREE-1.2-0.0-0.1-2.0-2.2-4.0-4.0,"['95e274f2-3c8f-432f-b94c-74e4de8368aa', 'f2912199-3413-44b7-abdc-56022c41cc00']","['participant', 'robot']","['two-triangle', 'hour-glass']","['hsla(294, 66%, 44%, 1.0)', 'hsla(334, 65%, 46%, 1.0)']","[[1, 1], [1, 1]]","{0: '', 1: 'A', 2: 'B', 3: 'BA', 4: 'BB', 5: 'BBA', 6: 'BBB'}",,6,after,"[True, False]","{'max': 129, 'min': 129, 'avg': 99.0, 'root': 8}","[-10, 0]","[-23, 94]",sequential,chance,sequential,chance,sequential,chance,chance,"[1.0, 1.0]","[0.5, 1.0]","[0.5, 1.0]","[0.5, 1.0]","[0.5, 1.0]","[0.5, 1.0]","[0.5, 1.0]","[0.5, 1.0]","[0.375, 0.666667]","[0.625, 0.666667]","[0.5625, 0.333333]","[0.6875, 0.333333]","[0.65625, 0.0]","[0.71875, 0.0]",[[0]],[[1]],[[2]],[[3]],[[4]],[[5]],[[6]],"(0, 8)","(9, 17)","(9, 17)","(113, 121)","(113, 121)","(121, 129)","(121, 129)",{},{},{},{},{},{},{},"['A', 'B']",[],"['BA', 'BB']",[],"['BBA', 'BBB']",[],[],0,0,3,4,0,0,4,2,0,0,1,1,2,3,B,,,,,BB,,,BBB,,,,,,,A,,,BA,,,,,BBB,,,,,"{'rtype': None, 'rtimedn': 9, 'rtimeup': 9}",,,,,"{'rtype': 'd', 'rtimedn': 2.345, 'rtimeup': 3.497}",,,"{'rtype': 'select-node', 'rtimedn': 113.382, 'rtimeup': 113.382}",,,,,,,"{'rtype': 'd', 'rtimedn': 2.345, 'rtimeup': 3.497}",,,"{'rtype': 'select-node', 'rtimedn': 113.095, 'rtimeup': 113.095}",,,,,"{'rtype': 'd', 'rtimedn': 2.345, 'rtimeup': 3.497}",,,,
group_size,"{'distribution': [0, 1, 0, 0], 'apply': True}",6,0,1711732853,ToM+SMSS-2134-2341,TREE-1.2-0.0-0.1-2.0-2.2-4.0-4.0,"['95e274f2-3c8f-432f-b94c-74e4de8368aa', 'f2912199-3413-44b7-abdc-56022c41cc00']","['participant', 'robot']","['two-triangle', 'hour-glass']","['hsla(294, 66%, 44%, 1.0)', 'hsla(334, 65%, 46%, 1.0)']","[[1, 1], [1, 1]]","{0: '', 1: 'A', 2: 'B', 3: 'BA', 4: 'BB', 5: 'BBA', 6: 'BBB'}",,1,after,"[True, False]","{'max': 32, 'min': 32, 'avg': 26.0, 'root': 8}","[-10, 0]","[-23, 94]",sequential,chance,sequential,chance,sequential,chance,chance,"[1.0, 1.0]","[0.5, 1.0]","[0.5, 1.0]","[0.5, 1.0]","[0.5, 1.0]","[0.5, 1.0]","[0.5, 1.0]","[0.5, 1.0]","[0.375, 0.666667]","[0.625, 0.666667]","[0.5625, 0.333333]","[0.6875, 0.333333]","[0.65625, 0.0]","[0.71875, 0.0]",[[0]],[[1]],[[2]],[[3]],[[4]],[[5]],[[6]],"(0, 8)","(8, 16)","(8, 16)","(16, 24)","(16, 24)","(24, 32)","(24, 32)",{},{},{},{},{},{},{},"['A', 'B']",[],"['BA', 'BB']",[],"['BBA', 'BBB']",[],[],0,0,2,2,0,0,1,3,0,0,3,4,4,1,A,,,,,,,,,,,,,,,A,,,,,,,,,,,,,"{'rtype': 'select-node', 'rtimedn': 114.076, 'rtimeup': 114.076}",,,,,,,,,,,,,,,"{'rtype': 'd', 'rtimedn': 2.345, 'rtimeup': 3.497}",,,,,,,,,,,,
robots,"{'self_value': {'apply': True, 'distribution_type': 'uniform', 'interval': [0, 1], 'coefficients': [1, 1]}, 'other_value': {'apply': True, 'distribution_type': 'uniform', 'interval': [0, 1], 'coefficients': [1, 1]}, 'normal_envy': {'apply': True, 'distribution_type': 'uniform', 'interval': [0, 1], 'coefficients': [1, 1]}, 'reverse_envy': {'apply': True, 'distribution_type': 'uniform', 'interval': [0, 1], 'coefficients': [1, 1]}, 'risk_preference': {'apply': True, 'distribution_type': 'uniform', 'interval': [0, 1], 'coefficients': [1, 1]}, 'loss_preference': {'apply': True, 'distribution_type': 'uniform', 'interval': [0, 1], 'coefficients': [1, 1]}, 'reasoning_depth': {'apply': True, 'distribution_type': 'uniform', 'interval': [0, 1], 'coefficients': [1, 1]}, 'time_discount': {'apply': True, 'distribution_type': 'uniform', 'interval': [0, 1], 'coefficients': [1, 1]}, 'reaction_time': {'apply': True, 'distribution_type': 'uniform', 'interval': [0, 1], 'coefficients': [1, 1]}}",7,0,1711732860,ToM+SMSS-3412-3214,TREE-1.2-0.0-0.1-2.0-2.2-4.0-4.0,"['95e274f2-3c8f-432f-b94c-74e4de8368aa', 'f2912199-3413-44b7-abdc-56022c41cc00']","['participant', 'robot']","['two-triangle', 'hour-glass']","['hsla(294, 66%, 44%, 1.0)', 'hsla(334, 65%, 46%, 1.0)']","[[1, 1], [1, 1]]","{0: '', 1: 'A', 2: 'B', 3: 'BA', 4: 'BB', 5: 'BBA', 6: 'BBB'}",,1,after,"[True, False]","{'max': 32, 'min': 32, 'avg': 26.0, 'root': 8}","[-10, 0]","[-23, 94]",sequential,chance,sequential,chance,sequential,chance,chance,"[1.0, 1.0]","[0.5, 1.0]","[0.5, 1.0]","[0.5, 1.0]","[0.5, 1.0]","[0.5, 1.0]","[0.5, 1.0]","[0.5, 1.0]","[0.375, 0.666667]","[0.625, 0.666667]","[0.5625, 0.333333]","[0.6875, 0.333333]","[0.65625, 0.0]","[0.71875, 0.0]",[[0]],[[1]],[[2]],[[3]],[[4]],[[5]],[[6]],"(0, 8)","(8, 16)","(8, 16)","(16, 24)","(16, 24)","(24, 32)","(24, 32)",{},{},{},{},{},{},{},"['A', 'B']",[],"['BA', 'BB']",[],"['BBA', 'BBB']",[],[],0,0,3,3,0,0,4,2,0,0,1,1,2,4,A,,,,,,,,,,,,,,,A,,,,,,,,,,,,,"{'rtype': 'select-node', 'rtimedn': 114.755, 'rtimeup': 114.755}",,,,,,,,,,,,,,,"{'rtype': 'd', 'rtimedn': 2.345, 'rtimeup': 3.497}",,,,,,,,,,,,
truthfulness,"{'apply': True, 'distribution_type': 'uniform', 'interval': [0, 1], 'coefficients': [1, 1]}",8,0,1711732874,ToM+MMMS-3241-3241,TREE-1.2-0.0-0.1-2.0-2.2-4.0-4.0,"['95e274f2-3c8f-432f-b94c-74e4de8368aa', 'f2912199-3413-44b7-abdc-56022c41cc00']","['participant', 'robot']","['two-triangle', 'hour-glass']","['hsla(294, 66%, 44%, 1.0)', 'hsla(334, 65%, 46%, 1.0)']","[[1, 1], [1, 1]]","{0: '', 1: 'A', 2: 'B', 3: 'BA', 4: 'BB', 5: 'BBA', 6: 'BBB'}",,5,after,"[True, False]","{'max': 132, 'min': 132, 'avg': 101.25, 'root': 8}","[-10, 0]","[-23, 94]",sequential,chance,sequential,chance,sequential,chance,chance,"[1.0, 1.0]","[0.5, 1.0]","[0.5, 1.0]","[0.5, 1.0]","[0.5, 1.0]","[0.5, 1.0]","[0.5, 1.0]","[0.5, 1.0]","[0.375, 0.666667]","[0.625, 0.666667]","[0.5625, 0.333333]","[0.6875, 0.333333]","[0.65625, 0.0]","[0.71875, 0.0]",[[0]],[[1]],[[2]],[[3]],[[4]],[[5]],[[6]],"(0, 8)","(9, 17)","(9, 17)","(116, 124)","(116, 124)","(124, 132)","(124, 132)",{},{},{},{},{},{},{},"['A', 'B']",[],"['BA', 'BB']",[],"['BBA', 'BBB']",[],[],0,0,3,3,0,0,2,2,0,0,4,4,1,1,B,,,,,BB,,,BBA,,,,,,,B,,,BA,,,,,BBA,,,,,"{'rtype': None, 'rtimedn': 9, 'rtimeup': 9}",,,,,"{'rtype': 'd', 'rtimedn': 2.345, 'rtimeup': 3.497}",,,"{'rtype': 'select-node', 'rtimedn': 116.212, 'rtimeup': 116.212}",,,,,,,"{'rtype': 'd', 'rtimedn': 2.345, 'rtimeup': 3.497}",,,"{'rtype': 'select-node', 'rtimedn': 116.003, 'rtimeup': 116.003}",,,,,"{'rtype': 'd', 'rtimedn': 2.345, 'rtimeup': 3.497}",,,,
complexity,"{'apply': True, 'distribution_type': 'uniform', 'interval': [0, 1], 'coefficients': [1, 1]}",9,0,1711732883,ToM+MMMS-2143-2341,TREE-1.2-0.0-0.1-2.0-2.2-4.0-4.0,"['95e274f2-3c8f-432f-b94c-74e4de8368aa', 'f2912199-3413-44b7-abdc-56022c41cc00']","['participant', 'robot']","['two-triangle', 'hour-glass']","['hsla(294, 66%, 44%, 1.0)', 'hsla(334, 65%, 46%, 1.0)']","[[1, 1], [1, 1]]","{0: '', 1: 'A', 2: 'B', 3: 'BA', 4: 'BB', 5: 'BBA', 6: 'BBB'}",,1,after,"[True, False]","{'max': 32, 'min': 32, 'avg': 26.0, 'root': 8}","[-10, 0]","[-23, 94]",sequential,chance,sequential,chance,sequential,chance,chance,"[1.0, 1.0]","[0.5, 1.0]","[0.5, 1.0]","[0.5, 1.0]","[0.5, 1.0]","[0.5, 1.0]","[0.5, 1.0]","[0.5, 1.0]","[0.375, 0.666667]","[0.625, 0.666667]","[0.5625, 0.333333]","[0.6875, 0.333333]","[0.65625, 0.0]","[0.71875, 0.0]",[[0]],[[1]],[[2]],[[3]],[[4]],[[5]],[[6]],"(0, 8)","(8, 16)","(8, 16)","(16, 24)","(16, 24)","(24, 32)","(24, 32)",{},{},{},{},{},{},{},"['A', 'B']",[],"['BA', 'BB']",[],"['BBA', 'BBB']",[],[],0,0,2,2,0,0,1,3,0,0,4,4,3,1,A,,,,,,,,,,,,,,,B,,,,,,,,,,,,,"{'rtype': None, 'rtimedn': 9, 'rtimeup': 9}",,,,,,,,,,,,,,,"{'rtype': 'd', 'rtimedn': 2.345, 'rtimeup': 3.497}",,,,,,,,,,,,
agency,"{'apply': True, 'distribution_type': 'uniform', 'interval': [0, 1], 'coefficients': [1, 1]}",10,0,1711732891,ToM+MMMS-3421-3214,TREE-1.2-0.0-0.1-2.0-2.2-4.0-4.0,"['95e274f2-3c8f-432f-b94c-74e4de8368aa', 'f2912199-3413-44b7-abdc-56022c41cc00']","['participant', 'robot']","['two-triangle', 'hour-glass']","['hsla(294, 66%, 44%, 1.0)', 'hsla(334, 65%, 46%, 1.0)']","[[1, 1], [1, 1]]","{0: '', 1: 'A', 2: 'B', 3: 'BA', 4: 'BB', 5: 'BBA', 6: 'BBB'}",,1,after,"[True, False]","{'max': 32, 'min': 32, 'avg': 26.0, 'root': 8}","[-10, 0]","[-23, 94]",sequential,chance,sequential,chance,sequential,chance,chance,"[1.0, 1.0]","[0.5, 1.0]","[0.5, 1.0]","[0.5, 1.0]","[0.5, 1.0]","[0.5, 1.0]","[0.5, 1.0]","[0.5, 1.0]","[0.375, 0.666667]","[0.625, 0.666667]","[0.5625, 0.333333]","[0.6875, 0.333333]","[0.65625, 0.0]","[0.71875, 0.0]",[[0]],[[1]],[[2]],[[3]],[[4]],[[5]],[[6]],"(0, 8)","(8, 16)","(8, 16)","(16, 24)","(16, 24)","(24, 32)","(24, 32)",{},{},{},{},{},{},{},"['A', 'B']",[],"['BA', 'BB']",[],"['BBA', 'BBB']",[],[],0,0,3,3,0,0,4,2,0,0,2,1,1,4,A,,,,,,,,,,,,,,,B,,,,,,,,,,,,,"{'rtype': None, 'rtimedn': 9, 'rtimeup': 9}",,,,,,,,,,,,,,,"{'rtype': 'a', 'rtimedn': 2.345, 'rtimeup': 3.497}",,,,,,,,,,,,
base_url,https://yourschool.sona-systems.com/webstudy_credit.aspx,11,0,1711732898,ToM+MMMS-3142-2341,TREE-1.2-0.0-0.1-2.0-2.2-4.0-4.0,"['95e274f2-3c8f-432f-b94c-74e4de8368aa', 'f2912199-3413-44b7-abdc-56022c41cc00']","['participant', 'robot']","['two-triangle', 'hour-glass']","['hsla(294, 66%, 44%, 1.0)', 'hsla(334, 65%, 46%, 1.0)']","[[1, 1], [1, 1]]","{0: '', 1: 'A', 2: 'B', 3: 'BA', 4: 'BB', 5: 'BBA', 6: 'BBB'}",,1,after,"[True, False]","{'max': 32, 'min': 32, 'avg': 26.0, 'root': 8}","[-10, 0]","[-23, 94]",sequential,chance,sequential,chance,sequential,chance,chance,"[1.0, 1.0]","[0.5, 1.0]","[0.5, 1.0]","[0.5, 1.0]","[0.5, 1.0]","[0.5, 1.0]","[0.5, 1.0]","[0.5, 1.0]","[0.375, 0.666667]","[0.625, 0.666667]","[0.5625, 0.333333]","[0.6875, 0.333333]","[0.65625, 0.0]","[0.71875, 0.0]",[[0]],[[1]],[[2]],[[3]],[[4]],[[5]],[[6]],"(0, 8)","(8, 16)","(8, 16)","(16, 24)","(16, 24)","(24, 32)","(24, 32)",{},{},{},{},{},{},{},"['A', 'B']",[],"['BA', 'BB']",[],"['BBA', 'BBB']",[],[],0,0,3,2,0,0,1,3,0,0,4,4,2,1,A,,,,,,,,,,,,,,,B,,,,,,,,,,,,,"{'rtype': 'select-node', 'rtimedn': 118.607, 'rtimeup': 118.607}",,,,,,,,,,,,,,,"{'rtype': 'd', 'rtimedn': 2.345, 'rtimeup': 3.497}",,,,,,,,,,,,
instructions,"['Rather than trying to advance the interests of your counterpart or to advance your interests long-term by cooperating, you must try to maximize your payoff in each round.  We have also told your counterpart to try to get their highest payoff in each round.  You both know that you both know that you both expect the other person to act in their self-interest.  Likewise, your counterpart completed the same tutorial and recieved these same instructions so you both understand how to participate.']",12,0,1711732909,ToM+MSMM-2134-3214,TREE-1.2-0.0-0.1-2.0-2.2-4.0-4.0,"['95e274f2-3c8f-432f-b94c-74e4de8368aa', 'f2912199-3413-44b7-abdc-56022c41cc00']","['participant', 'robot']","['two-triangle', 'hour-glass']","['hsla(294, 66%, 44%, 1.0)', 'hsla(334, 65%, 46%, 1.0)']","[[1, 1], [1, 1]]","{0: '', 1: 'A', 2: 'B', 3: 'BA', 4: 'BB', 5: 'BBA', 6: 'BBB'}",,6,after,"[True, False]","{'max': 136, 'min': 136, 'avg': 131.75, 'root': 8}","[-10, 0]","[-23, 94]",sequential,chance,sequential,chance,sequential,chance,chance,"[1.0, 1.0]","[0.5, 1.0]","[0.5, 1.0]","[0.5, 1.0]","[0.5, 1.0]","[0.5, 1.0]","[0.5, 1.0]","[0.5, 1.0]","[0.375, 0.666667]","[0.625, 0.666667]","[0.5625, 0.333333]","[0.6875, 0.333333]","[0.65625, 0.0]","[0.71875, 0.0]",[[0]],[[1]],[[2]],[[3]],[[4]],[[5]],[[6]],"(0, 8)","(119, 127)","(119, 127)","(120, 128)","(120, 128)","(128, 136)","(128, 136)",{},{},{},{},{},{},{},"['A', 'B']",[],"['BA', 'BB']",[],"['BBA', 'BBB']",[],[],0,0,2,3,0,0,1,2,0,0,3,1,4,4,B,,,,,BB,,,BBB,,,,,,,B,,,BB,,,,,BBB,,,,,"{'rtype': 'select-node', 'rtimedn': 119.196, 'rtimeup': 119.196}",,,,,"{'rtype': 'd', 'rtimedn': 2.345, 'rtimeup': 3.497}",,,"{'rtype': 'select-node', 'rtimedn': 119.636, 'rtimeup': 119.636}",,,,,,,"{'rtype': 'a', 'rtimedn': 2.345, 'rtimeup': 3.497}",,,"{'rtype': 'select-node', 'rtimedn': 119.431, 'rtimeup': 119.431}",,,,,"{'rtype': 'd', 'rtimedn': 2.345, 'rtimeup': 3.497}",,,,
consent,"['UNIVERSITY OF MICHIGAN', 'CONSENT TO BE PART OF A RESEARCH STUDY HUM00243214', 'Platform Title: The Morality Game', 'Platform Creator: Gregory Stanley, Ph.D. Candidate, University of Michigan', 'Faculty Advisor: Jun Zhang, Professor of Psychology, University of Michigan.', 'Thank you for your interest in participating in this experiment.  This is an unpaid experiment.  You will receive credit for 1 hour of Subject Pool participation.  Please be ready for 1 hour of continuous participation.  If you are inactive for over 2 minutes, the system will automatically eject you from the experiment.  Your counterparts are human participants, unless they drop out of the experiment, in which case they will be replaced by artificial agents.', 'Please feel free to contact me, Greg, at (714) 454-0435 if you have any questions.  All other information relevant to your consent was covered by the platform general-consent form in the tutorial.  You must be 18 years of age or older to participate in this study.']",13,0,1711732917,ToM+MSMM-2314-3241,TREE-1.2-0.0-0.1-2.0-2.2-4.0-4.0,"['95e274f2-3c8f-432f-b94c-74e4de8368aa', 'f2912199-3413-44b7-abdc-56022c41cc00']","['participant', 'robot']","['two-triangle', 'hour-glass']","['hsla(294, 66%, 44%, 1.0)', 'hsla(334, 65%, 46%, 1.0)']","[[1, 1], [1, 1]]","{0: '', 1: 'A', 2: 'B', 3: 'BA', 4: 'BB', 5: 'BBA', 6: 'BBB'}",,1,after,"[True, False]","{'max': 32, 'min': 32, 'avg': 26.0, 'root': 8}","[-10, 0]","[-23, 94]",sequential,chance,sequential,chance,sequential,chance,chance,"[1.0, 1.0]","[0.5, 1.0]","[0.5, 1.0]","[0.5, 1.0]","[0.5, 1.0]","[0.5, 1.0]","[0.5, 1.0]","[0.5, 1.0]","[0.375, 0.666667]","[0.625, 0.666667]","[0.5625, 0.333333]","[0.6875, 0.333333]","[0.65625, 0.0]","[0.71875, 0.0]",[[0]],[[1]],[[2]],[[3]],[[4]],[[5]],[[6]],"(0, 8)","(8, 16)","(8, 16)","(16, 24)","(16, 24)","(24, 32)","(24, 32)",{},{},{},{},{},{},{},"['A', 'B']",[],"['BA', 'BB']",[],"['BBA', 'BBB']",[],[],0,0,2,3,0,0,3,2,0,0,1,4,4,1,A,,,,,,,,,,,,,,,B,,,,,,,,,,,,,"{'rtype': None, 'rtimedn': 9, 'rtimeup': 9}",,,,,,,,,,,,,,,"{'rtype': 'd', 'rtimedn': 2.345, 'rtimeup': 3.497}",,,,,,,,,,,,
experiment_code,riT1IUoYe2St,14,0,1711732921,ToM+MSMM-2413-2341,TREE-1.2-0.0-0.1-2.0-2.2-4.0-4.0,"['95e274f2-3c8f-432f-b94c-74e4de8368aa', 'f2912199-3413-44b7-abdc-56022c41cc00']","['participant', 'robot']","['two-triangle', 'hour-glass']","['hsla(294, 66%, 44%, 1.0)', 'hsla(334, 65%, 46%, 1.0)']","[[1, 1], [1, 1]]","{0: '', 1: 'A', 2: 'B', 3: 'BA', 4: 'BB', 5: 'BBA', 6: 'BBB'}",,1,after,"[True, False]","{'max': 32, 'min': 32, 'avg': 26.0, 'root': 8}","[-10, 0]","[-23, 94]",sequential,chance,sequential,chance,sequential,chance,chance,"[1.0, 1.0]","[0.5, 1.0]","[0.5, 1.0]","[0.5, 1.0]","[0.5, 1.0]","[0.5, 1.0]","[0.5, 1.0]","[0.5, 1.0]","[0.375, 0.666667]","[0.625, 0.666667]","[0.5625, 0.333333]","[0.6875, 0.333333]","[0.65625, 0.0]","[0.71875, 0.0]",[[0]],[[1]],[[2]],[[3]],[[4]],[[5]],[[6]],"(0, 8)","(8, 16)","(8, 16)","(16, 24)","(16, 24)","(24, 32)","(24, 32)",{},{},{},{},{},{},{},"['A', 'B']",[],"['BA', 'BB']",[],"['BBA', 'BBB']",[],[],0,0,2,2,0,0,4,3,0,0,1,4,3,1,A,,,,,,,,,,,,,,,B,,,,,,,,,,,,,"{'rtype': 'select-node', 'rtimedn': 120.898, 'rtimeup': 120.898}",,,,,,,,,,,,,,,"{'rtype': 'a', 'rtimedn': 2.345, 'rtimeup': 3.497}",,,,,,,,,,,,
experiment_type,pilot,15,0,1711732927,ToM+MSMM-3412-2341,TREE-1.2-0.0-0.1-2.0-2.2-4.0-4.0,"['95e274f2-3c8f-432f-b94c-74e4de8368aa', 'f2912199-3413-44b7-abdc-56022c41cc00']","['participant', 'robot']","['two-triangle', 'hour-glass']","['hsla(294, 66%, 44%, 1.0)', 'hsla(334, 65%, 46%, 1.0)']","[[1, 1], [1, 1]]","{0: '', 1: 'A', 2: 'B', 3: 'BA', 4: 'BB', 5: 'BBA', 6: 'BBB'}",,1,after,"[True, False]","{'max': 32, 'min': 32, 'avg': 26.0, 'root': 8}","[-10, 0]","[-23, 94]",sequential,chance,sequential,chance,sequential,chance,chance,"[1.0, 1.0]","[0.5, 1.0]","[0.5, 1.0]","[0.5, 1.0]","[0.5, 1.0]","[0.5, 1.0]","[0.5, 1.0]","[0.5, 1.0]","[0.375, 0.666667]","[0.625, 0.666667]","[0.5625, 0.333333]","[0.6875, 0.333333]","[0.65625, 0.0]","[0.71875, 0.0]",[[0]],[[1]],[[2]],[[3]],[[4]],[[5]],[[6]],"(0, 8)","(8, 16)","(8, 16)","(16, 24)","(16, 24)","(24, 32)","(24, 32)",{},{},{},{},{},{},{},"['A', 'B']",[],"['BA', 'BB']",[],"['BBA', 'BBB']",[],[],0,0,3,2,0,0,4,3,0,0,1,4,2,1,A,,,,,,,,,,,,,,,B,,,,,,,,,,,,,"{'rtype': 'select-node', 'rtimedn': 121.468, 'rtimeup': 121.468}",,,,,,,,,,,,,,,"{'rtype': 'd', 'rtimedn': 2.345, 'rtimeup': 3.497}",,,,,,,,,,,,
status,open,16,0,1711732938,ToM+SMSM-3412-2314,TREE-1.2-0.0-0.1-2.0-2.2-4.0-4.0,"['95e274f2-3c8f-432f-b94c-74e4de8368aa', 'f2912199-3413-44b7-abdc-56022c41cc00']","['participant', 'robot']","['two-triangle', 'hour-glass']","['hsla(294, 66%, 44%, 1.0)', 'hsla(334, 65%, 46%, 1.0)']","[[1, 1], [1, 1]]","{0: '', 1: 'A', 2: 'B', 3: 'BA', 4: 'BB', 5: 'BBA', 6: 'BBB'}",,6,after,"[True, False]","{'max': 138, 'min': 138, 'avg': 105.75, 'root': 8}","[-10, 0]","[-23, 94]",sequential,chance,sequential,chance,sequential,chance,chance,"[1.0, 1.0]","[0.5, 1.0]","[0.5, 1.0]","[0.5, 1.0]","[0.5, 1.0]","[0.5, 1.0]","[0.5, 1.0]","[0.5, 1.0]","[0.375, 0.666667]","[0.625, 0.666667]","[0.5625, 0.333333]","[0.6875, 0.333333]","[0.65625, 0.0]","[0.71875, 0.0]",[[0]],[[1]],[[2]],[[3]],[[4]],[[5]],[[6]],"(0, 8)","(9, 17)","(9, 17)","(122, 130)","(122, 130)","(130, 138)","(130, 138)",{},{},{},{},{},{},{},"['A', 'B']",[],"['BA', 'BB']",[],"['BBA', 'BBB']",[],[],0,0,3,2,0,0,4,3,0,0,1,1,2,4,B,,,,,BB,,,BBB,,,,,,,A,,,BA,,,,,BBB,,,,,"{'rtype': None, 'rtimedn': 9, 'rtimeup': 9}",,,,,"{'rtype': 'a', 'rtimedn': 2.345, 'rtimeup': 3.497}",,,"{'rtype': 'select-node', 'rtimedn': 122.597, 'rtimeup': 122.597}",,,,,,,"{'rtype': 'a', 'rtimedn': 2.345, 'rtimeup': 3.497}",,,"{'rtype': 'select-node', 'rtimedn': 122.29, 'rtimeup': 122.29}",,,,,"{'rtype': 'a', 'rtimedn': 2.345, 'rtimeup': 3.497}",,,,
start_date,2024-03-29-12:58,17,0,1711732948,ToM+SMSM-2134-1342,TREE-1.2-0.0-0.1-2.0-2.2-4.0-4.0,"['95e274f2-3c8f-432f-b94c-74e4de8368aa', 'f2912199-3413-44b7-abdc-56022c41cc00']","['participant', 'robot']","['two-triangle', 'hour-glass']","['hsla(294, 66%, 44%, 1.0)', 'hsla(334, 65%, 46%, 1.0)']","[[1, 1], [1, 1]]","{0: '', 1: 'A', 2: 'B', 3: 'BA', 4: 'BB', 5: 'BBA', 6: 'BBB'}",,3,after,"[True, False]","{'max': 147, 'min': 147, 'avg': 141.0, 'root': 8}","[-10, 0]","[-23, 94]",sequential,chance,sequential,chance,sequential,chance,chance,"[1.0, 1.0]","[0.5, 1.0]","[0.5, 1.0]","[0.5, 1.0]","[0.5, 1.0]","[0.5, 1.0]","[0.5, 1.0]","[0.5, 1.0]","[0.375, 0.666667]","[0.625, 0.666667]","[0.5625, 0.333333]","[0.6875, 0.333333]","[0.65625, 0.0]","[0.71875, 0.0]",[[0]],[[1]],[[2]],[[3]],[[4]],[[5]],[[6]],"(0, 8)","(123, 131)","(123, 131)","(131, 139)","(131, 139)","(139, 147)","(139, 147)",{},{},{},{},{},{},{},"['A', 'B']",[],"['BA', 'BB']",[],"['BBA', 'BBB']",[],[],0,0,2,1,0,0,1,3,0,0,3,4,4,2,B,,,,,BA,,,,,,,,,,A,,,BB,,,,,,,,,,"{'rtype': 'select-node', 'rtimedn': 123.257, 'rtimeup': 123.257}",,,,,"{'rtype': 'd', 'rtimedn': 2.345, 'rtimeup': 3.497}",,,,,,,,,,"{'rtype': 'a', 'rtimedn': 2.345, 'rtimeup': 3.497}",,,"{'rtype': 'select-node', 'rtimedn': 123.53, 'rtimeup': 123.53}",,,,,,,,,
experimenter_uuid,3ed4404c-a114-4372-8c66-9ce292e81f10,18,0,1711732953,ToM+SMSM-2134-3241,TREE-1.2-0.0-0.1-2.0-2.2-4.0-4.0,"['95e274f2-3c8f-432f-b94c-74e4de8368aa', 'f2912199-3413-44b7-abdc-56022c41cc00']","['participant', 'robot']","['two-triangle', 'hour-glass']","['hsla(294, 66%, 44%, 1.0)', 'hsla(334, 65%, 46%, 1.0)']","[[1, 1], [1, 1]]","{0: '', 1: 'A', 2: 'B', 3: 'BA', 4: 'BB', 5: 'BBA', 6: 'BBB'}",,1,after,"[True, False]","{'max': 32, 'min': 32, 'avg': 26.0, 'root': 8}","[-10, 0]","[-23, 94]",sequential,chance,sequential,chance,sequential,chance,chance,"[1.0, 1.0]","[0.5, 1.0]","[0.5, 1.0]","[0.5, 1.0]","[0.5, 1.0]","[0.5, 1.0]","[0.5, 1.0]","[0.5, 1.0]","[0.375, 0.666667]","[0.625, 0.666667]","[0.5625, 0.333333]","[0.6875, 0.333333]","[0.65625, 0.0]","[0.71875, 0.0]",[[0]],[[1]],[[2]],[[3]],[[4]],[[5]],[[6]],"(0, 8)","(8, 16)","(8, 16)","(16, 24)","(16, 24)","(24, 32)","(24, 32)",{},{},{},{},{},{},{},"['A', 'B']",[],"['BA', 'BB']",[],"['BBA', 'BBB']",[],[],0,0,2,3,0,0,1,2,0,0,3,4,4,1,A,,,,,,,,,,,,,,,A,,,,,,,,,,,,,"{'rtype': 'select-node', 'rtimedn': 124.048, 'rtimeup': 124.048}",,,,,,,,,,,,,,,"{'rtype': 'a', 'rtimedn': 2.345, 'rtimeup': 3.497}",,,,,,,,,,,,
batches,"{'completed': 0, 'batch_study': True}",19,0,1711732958,ToM+SMSM-2134-4231,TREE-1.2-0.0-0.1-2.0-2.2-4.0-4.0,"['95e274f2-3c8f-432f-b94c-74e4de8368aa', 'f2912199-3413-44b7-abdc-56022c41cc00']","['participant', 'robot']","['two-triangle', 'hour-glass']","['hsla(294, 66%, 44%, 1.0)', 'hsla(334, 65%, 46%, 1.0)']","[[1, 1], [1, 1]]","{0: '', 1: 'A', 2: 'B', 3: 'BA', 4: 'BB', 5: 'BBA', 6: 'BBB'}",,1,after,"[True, False]","{'max': 32, 'min': 32, 'avg': 26.0, 'root': 8}","[-10, 0]","[-23, 94]",sequential,chance,sequential,chance,sequential,chance,chance,"[1.0, 1.0]","[0.5, 1.0]","[0.5, 1.0]","[0.5, 1.0]","[0.5, 1.0]","[0.5, 1.0]","[0.5, 1.0]","[0.5, 1.0]","[0.375, 0.666667]","[0.625, 0.666667]","[0.5625, 0.333333]","[0.6875, 0.333333]","[0.65625, 0.0]","[0.71875, 0.0]",[[0]],[[1]],[[2]],[[3]],[[4]],[[5]],[[6]],"(0, 8)","(8, 16)","(8, 16)","(16, 24)","(16, 24)","(24, 32)","(24, 32)",{},{},{},{},{},{},{},"['A', 'B']",[],"['BA', 'BB']",[],"['BBA', 'BBB']",[],[],0,0,2,4,0,0,1,2,0,0,3,3,4,1,A,,,,,,,,,,,,,,,A,,,,,,,,,,,,,"{'rtype': 'select-node', 'rtimedn': 124.557, 'rtimeup': 124.557}",,,,,,,,,,,,,,,"{'rtype': 'a', 'rtimedn': 2.345, 'rtimeup': 3.497}",,,,,,,,,,,,
predetermined_trials,"{'orders': {'randomize_trial_order': False}, 'players': {'h1': '95e274f2-3c8f-432f-b94c-74e4de8368aa', 'r1': 'f2912199-3413-44b7-abdc-56022c41cc00'}, 'rounds': [[{'player_keys': ['h1', 'r1'], 'strategy_profiles': [[0, 0.5, 0.5, 0.5, 0.5, 0.5, 0.5], [0, 1, 0, 1, 0, 1, 0]], 'tree': {'nplayers': 2, 'title': 'ToM+SSSM-2143-4213', 'edges': [0, 0, 2, 2, 4, 4], 'adjacency_matrix': [[0, 1], [1, 0]], 'choosers': {'0': [True, False], '2': [False, True], '4': [True, False]}, 'payoffs': {'1': [2, 4], '3': [1, 2], '5': [4, 1], '6': [3, 3]}}}], [{'player_keys': ['h1', 'r1'], 'strategy_profiles': [[0, 0.5, 0.5, 0.5, 0.5, 0.5, 0.5], [0, 1, 0, 1, 0, 1, 0]], 'tree': {'nplayers': 2, 'title': 'ToM+SSSM-2143-3214', 'edges': [0, 0, 2, 2, 4, 4], 'adjacency_matrix': [[0, 1], [1, 0]], 'choosers': {'0': [True, False], '2': [False, True], '4': [True, False]}, 'payoffs': {'1': [2, 3], '3': [1, 2], '5': [4, 1], '6': [3, 4]}}}], [{'player_keys': ['h1', 'r1'], 'strategy_profiles': [[0, 0.5, 0.5, 0.5, 0.5, 0.5, 0.5], [0, 1, 0, 1, 0, 1, 0]], 'tree': {'nplayers': 2, 'title': 'ToM+SSSM-2143-1324', 'edges': [0, 0, 2, 2, 4, 4], 'adjacency_matrix': [[0, 1], [1, 0]], 'choosers': {'0': [True, False], '2': [False, True], '4': [True, False]}, 'payoffs': {'1': [2, 1], '3': [1, 3], '5': [4, 2], '6': [3, 4]}}}], [{'player_keys': ['h1', 'r1'], 'strategy_profiles': [[0, 0.5, 0.5, 0.5, 0.5, 0.5, 0.5], [0, 1, 0, 0, 1, 1, 0]], 'tree': {'nplayers': 2, 'title': 'ToM+SSSM-3421-2341', 'edges': [0, 0, 2, 2, 4, 4], 'adjacency_matrix': [[0, 1], [1, 0]], 'choosers': {'0': [True, False], '2': [False, True], '4': [True, False]}, 'payoffs': {'1': [3, 2], '3': [4, 3], '5': [2, 4], '6': [1, 1]}}}], [{'player_keys': ['h1', 'r1'], 'strategy_profiles': [[0, 0.5, 0.5, 0.5, 0.5, 0.5, 0.5], [0, 1, 0, 0, 1, 0, 1]], 'tree': {'nplayers': 2, 'title': 'ToM+SMSS-3412-1324', 'edges': [0, 0, 2, 2, 4, 4], 'adjacency_matrix': [[0, 1], [1, 0]], 'choosers': {'0': [True, False], '2': [False, True], '4': [True, False]}, 'payoffs': {'1': [3, 1], '3': [4, 3], '5': [1, 2], '6': [2, 4]}}}], [{'player_keys': ['h1', 'r1'], 'strategy_profiles': [[0, 0.5, 0.5, 0.5, 0.5, 0.5, 0.5], [0, 1, 0, 0, 1, 0, 1]], 'tree': {'nplayers': 2, 'title': 'ToM+SMSS-3412-4213', 'edges': [0, 0, 2, 2, 4, 4], 'adjacency_matrix': [[0, 1], [1, 0]], 'choosers': {'0': [True, False], '2': [False, True], '4': [True, False]}, 'payoffs': {'1': [3, 4], '3': [4, 2], '5': [1, 1], '6': [2, 3]}}}], [{'player_keys': ['h1', 'r1'], 'strategy_profiles': [[0, 0.5, 0.5, 0.5, 0.5, 0.5, 0.5], [0, 1, 0, 1, 0, 0, 1]], 'tree': {'nplayers': 2, 'title': 'ToM+SMSS-2134-2341', 'edges': [0, 0, 2, 2, 4, 4], 'adjacency_matrix': [[0, 1], [1, 0]], 'choosers': {'0': [True, False], '2': [False, True], '4': [True, False]}, 'payoffs': {'1': [2, 2], '3': [1, 3], '5': [3, 4], '6': [4, 1]}}}], [{'player_keys': ['h1', 'r1'], 'strategy_profiles': [[0, 0.5, 0.5, 0.5, 0.5, 0.5, 0.5], [0, 1, 0, 0, 1, 0, 1]], 'tree': {'nplayers': 2, 'title': 'ToM+SMSS-3412-3214', 'edges': [0, 0, 2, 2, 4, 4], 'adjacency_matrix': [[0, 1], [1, 0]], 'choosers': {'0': [True, False], '2': [False, True], '4': [True, False]}, 'payoffs': {'1': [3, 3], '3': [4, 2], '5': [1, 1], '6': [2, 4]}}}], [{'player_keys': ['h1', 'r1'], 'strategy_profiles': [[0, 0.5, 0.5, 0.5, 0.5, 0.5, 0.5], [0, 0, 1, 0, 1, 1, 0]], 'tree': {'nplayers': 2, 'title': 'ToM+MMMS-3241-3241', 'edges': [0, 0, 2, 2, 4, 4], 'adjacency_matrix': [[0, 1], [1, 0]], 'choosers': {'0': [True, False], '2': [False, True], '4': [True, False]}, 'payoffs': {'1': [3, 3], '3': [2, 2], '5': [4, 4], '6': [1, 1]}}}], [{'player_keys': ['h1', 'r1'], 'strategy_profiles': [[0, 0.5, 0.5, 0.5, 0.5, 0.5, 0.5], [0, 0, 1, 0, 1, 1, 0]], 'tree': {'nplayers': 2, 'title': 'ToM+MMMS-2143-2341', 'edges': [0, 0, 2, 2, 4, 4], 'adjacency_matrix': [[0, 1], [1, 0]], 'choosers': {'0': [True, False], '2': [False, True], '4': [True, False]}, 'payoffs': {'1': [2, 2], '3': [1, 3], '5': [4, 4], '6': [3, 1]}}}], [{'player_keys': ['h1', 'r1'], 'strategy_profiles': [[0, 0.5, 0.5, 0.5, 0.5, 0.5, 0.5], [0, 0, 1, 1, 0, 1, 0]], 'tree': {'nplayers': 2, 'title': 'ToM+MMMS-3421-3214', 'edges': [0, 0, 2, 2, 4, 4], 'adjacency_matrix': [[0, 1], [1, 0]], 'choosers': {'0': [True, False], '2': [False, True], '4': [True, False]}, 'payoffs': {'1': [3, 3], '3': [4, 2], '5': [2, 1], '6': [1, 4]}}}], [{'player_keys': ['h1', 'r1'], 'strategy_profiles': [[0, 0.5, 0.5, 0.5, 0.5, 0.5, 0.5], [0, 0, 1, 0, 1, 1, 0]], 'tree': {'nplayers': 2, 'title': 'ToM+MMMS-3142-2341', 'edges': [0, 0, 2, 2, 4, 4], 'adjacency_matrix': [[0, 1], [1, 0]], 'choosers': {'0': [True, False], '2': [False, True], '4': [True, False]}, 'payoffs': {'1': [3, 2], '3': [1, 3], '5': [4, 4], '6': [2, 1]}}}], [{'player_keys': ['h1', 'r1'], 'strategy_profiles': [[0, 0.5, 0.5, 0.5, 0.5, 0.5, 0.5], [0, 0, 1, 0, 1, 0, 1]], 'tree': {'nplayers': 2, 'title': 'ToM+MSMM-2134-3214', 'edges': [0, 0, 2, 2, 4, 4], 'adjacency_matrix': [[0, 1], [1, 0]], 'choosers': {'0': [True, False], '2': [False, True], '4': [True, False]}, 'payoffs': {'1': [2, 3], '3': [1, 2], '5': [3, 1], '6': [4, 4]}}}], [{'player_keys': ['h1', 'r1'], 'strategy_profiles': [[0, 0.5, 0.5, 0.5, 0.5, 0.5, 0.5], [0, 0, 1, 1, 0, 0, 1]], 'tree': {'nplayers': 2, 'title': 'ToM+MSMM-2314-3241', 'edges': [0, 0, 2, 2, 4, 4], 'adjacency_matrix': [[0, 1], [1, 0]], 'choosers': {'0': [True, False], '2': [False, True], '4': [True, False]}, 'payoffs': {'1': [2, 3], '3': [3, 2], '5': [1, 4], '6': [4, 1]}}}], [{'player_keys': ['h1', 'r1'], 'strategy_profiles': [[0, 0.5, 0.5, 0.5, 0.5, 0.5, 0.5], [0, 0, 1, 1, 0, 0, 1]], 'tree': {'nplayers': 2, 'title': 'ToM+MSMM-2413-2341', 'edges': [0, 0, 2, 2, 4, 4], 'adjacency_matrix': [[0, 1], [1, 0]], 'choosers': {'0': [True, False], '2': [False, True], '4': [True, False]}, 'payoffs': {'1': [2, 2], '3': [4, 3], '5': [1, 4], '6': [3, 1]}}}], [{'player_keys': ['h1', 'r1'], 'strategy_profiles': [[0, 0.5, 0.5, 0.5, 0.5, 0.5, 0.5], [0, 0, 1, 1, 0, 0, 1]], 'tree': {'nplayers': 2, 'title': 'ToM+MSMM-3412-2341', 'edges': [0, 0, 2, 2, 4, 4], 'adjacency_matrix': [[0, 1], [1, 0]], 'choosers': {'0': [True, False], '2': [False, True], '4': [True, False]}, 'payoffs': {'1': [3, 2], '3': [4, 3], '5': [1, 4], '6': [2, 1]}}}], [{'player_keys': ['h1', 'r1'], 'strategy_profiles': [[0, 0.5, 0.5, 0.5, 0.5, 0.5, 0.5], [0, 1, 0, 0, 1, 0, 1]], 'tree': {'nplayers': 2, 'title': 'ToM+SMSM-3412-2314', 'edges': [0, 0, 2, 2, 4, 4], 'adjacency_matrix': [[0, 1], [1, 0]], 'choosers': {'0': [True, False], '2': [False, True], '4': [True, False]}, 'payoffs': {'1': [3, 2], '3': [4, 3], '5': [1, 1], '6': [2, 4]}}}], [{'player_keys': ['h1', 'r1'], 'strategy_profiles': [[0, 0.5, 0.5, 0.5, 0.5, 0.5, 0.5], [0, 1, 0, 1, 0, 0, 1]], 'tree': {'nplayers': 2, 'title': 'ToM+SMSM-2134-1342', 'edges': [0, 0, 2, 2, 4, 4], 'adjacency_matrix': [[0, 1], [1, 0]], 'choosers': {'0': [True, False], '2': [False, True], '4': [True, False]}, 'payoffs': {'1': [2, 1], '3': [1, 3], '5': [3, 4], '6': [4, 2]}}}], [{'player_keys': ['h1', 'r1'], 'strategy_profiles': [[0, 0.5, 0.5, 0.5, 0.5, 0.5, 0.5], [0, 1, 0, 1, 0, 0, 1]], 'tree': {'nplayers': 2, 'title': 'ToM+SMSM-2134-3241', 'edges': [0, 0, 2, 2, 4, 4], 'adjacency_matrix': [[0, 1], [1, 0]], 'choosers': {'0': [True, False], '2': [False, True], '4': [True, False]}, 'payoffs': {'1': [2, 3], '3': [1, 2], '5': [3, 4], '6': [4, 1]}}}], [{'player_keys': ['h1', 'r1'], 'strategy_profiles': [[0, 0.5, 0.5, 0.5, 0.5, 0.5, 0.5], [0, 1, 0, 1, 0, 0, 1]], 'tree': {'nplayers': 2, 'title': 'ToM+SMSM-2134-4231', 'edges': [0, 0, 2, 2, 4, 4], 'adjacency_matrix': [[0, 1], [1, 0]], 'choosers': {'0': [True, False], '2': [False, True], '4': [True, False]}, 'payoffs': {'1': [2, 4], '3': [1, 2], '5': [3, 3], '6': [4, 1]}}}], [{'player_keys': ['h1', 'r1'], 'strategy_profiles': [[0, 0.5, 0.5, 0.5, 0.5, 0.5, 0.5], [0, 1, 0, 0, 1, 1, 0]], 'tree': {'nplayers': 2, 'title': 'ToM+SSSS-3421-1342', 'edges': [0, 0, 2, 2, 4, 4], 'adjacency_matrix': [[0, 1], [1, 0]], 'choosers': {'0': [True, False], '2': [False, True], '4': [True, False]}, 'payoffs': {'1': [3, 1], '3': [4, 3], '5': [2, 4], '6': [1, 2]}}}], [{'player_keys': ['h1', 'r1'], 'strategy_profiles': [[0, 0.5, 0.5, 0.5, 0.5, 0.5, 0.5], [0, 1, 0, 0, 1, 1, 0]], 'tree': {'nplayers': 2, 'title': 'ToM+SSSS-3421-4231', 'edges': [0, 0, 2, 2, 4, 4], 'adjacency_matrix': [[0, 1], [1, 0]], 'choosers': {'0': [True, False], '2': [False, True], '4': [True, False]}, 'payoffs': {'1': [3, 4], '3': [4, 2], '5': [2, 3], '6': [1, 1]}}}], [{'player_keys': ['h1', 'r1'], 'strategy_profiles': [[0, 0.5, 0.5, 0.5, 0.5, 0.5, 0.5], [0, 1, 0, 0, 1, 1, 0]], 'tree': {'nplayers': 2, 'title': 'ToM+SSSS-3421-3241', 'edges': [0, 0, 2, 2, 4, 4], 'adjacency_matrix': [[0, 1], [1, 0]], 'choosers': {'0': [True, False], '2': [False, True], '4': [True, False]}, 'payoffs': {'1': [3, 3], '3': [4, 2], '5': [2, 4], '6': [1, 1]}}}], [{'player_keys': ['h1', 'r1'], 'strategy_profiles': [[0, 0.5, 0.5, 0.5, 0.5, 0.5, 0.5], [0, 1, 0, 1, 0, 1, 0]], 'tree': {'nplayers': 2, 'title': 'ToM+SSSS-2143-2314', 'edges': [0, 0, 2, 2, 4, 4], 'adjacency_matrix': [[0, 1], [1, 0]], 'choosers': {'0': [True, False], '2': [False, True], '4': [True, False]}, 'payoffs': {'1': [2, 2], '3': [1, 3], '5': [4, 1], '6': [3, 4]}}}], [{'player_keys': ['h1', 'r1'], 'strategy_profiles': [[0, 0.5, 0.5, 0.5, 0.5, 0.5, 0.5], [0, 0, 1, 0, 1, 0, 1]], 'tree': {'nplayers': 2, 'title': 'ToM+MSMS-3124-2314', 'edges': [0, 0, 2, 2, 4, 4], 'adjacency_matrix': [[0, 1], [1, 0]], 'choosers': {'0': [True, False], '2': [False, True], '4': [True, False]}, 'payoffs': {'1': [3, 2], '3': [1, 3], '5': [2, 1], '6': [4, 4]}}}], [{'player_keys': ['h1', 'r1'], 'strategy_profiles': [[0, 0.5, 0.5, 0.5, 0.5, 0.5, 0.5], [0, 0, 1, 1, 0, 0, 1]], 'tree': {'nplayers': 2, 'title': 'ToM+MSMS-3412-3241', 'edges': [0, 0, 2, 2, 4, 4], 'adjacency_matrix': [[0, 1], [1, 0]], 'choosers': {'0': [True, False], '2': [False, True], '4': [True, False]}, 'payoffs': {'1': [3, 3], '3': [4, 2], '5': [1, 4], '6': [2, 1]}}}], [{'player_keys': ['h1', 'r1'], 'strategy_profiles': [[0, 0.5, 0.5, 0.5, 0.5, 0.5, 0.5], [0, 0, 1, 0, 1, 0, 1]], 'tree': {'nplayers': 2, 'title': 'ToM+MSMS-2134-2314', 'edges': [0, 0, 2, 2, 4, 4], 'adjacency_matrix': [[0, 1], [1, 0]], 'choosers': {'0': [True, False], '2': [False, True], '4': [True, False]}, 'payoffs': {'1': [2, 2], '3': [1, 3], '5': [3, 1], '6': [4, 4]}}}], [{'player_keys': ['h1', 'r1'], 'strategy_profiles': [[0, 0.5, 0.5, 0.5, 0.5, 0.5, 0.5], [0, 0, 1, 0, 1, 0, 1]], 'tree': {'nplayers': 2, 'title': 'ToM+MSMS-3214-3214', 'edges': [0, 0, 2, 2, 4, 4], 'adjacency_matrix': [[0, 1], [1, 0]], 'choosers': {'0': [True, False], '2': [False, True], '4': [True, False]}, 'payoffs': {'1': [3, 3], '3': [2, 2], '5': [1, 1], '6': [4, 4]}}}], [{'player_keys': ['h1', 'r1'], 'strategy_profiles': [[0, 0.5, 0.5, 0.5, 0.5, 0.5, 0.5], [0, 0, 1, 1, 0, 1, 0]], 'tree': {'nplayers': 2, 'title': 'ToM+MMMM-2341-3214', 'edges': [0, 0, 2, 2, 4, 4], 'adjacency_matrix': [[0, 1], [1, 0]], 'choosers': {'0': [True, False], '2': [False, True], '4': [True, False]}, 'payoffs': {'1': [2, 3], '3': [3, 2], '5': [4, 1], '6': [1, 4]}}}], [{'player_keys': ['h1', 'r1'], 'strategy_profiles': [[0, 0.5, 0.5, 0.5, 0.5, 0.5, 0.5], [0, 0, 1, 0, 1, 1, 0]], 'tree': {'nplayers': 2, 'title': 'ToM+MMMM-2143-3241', 'edges': [0, 0, 2, 2, 4, 4], 'adjacency_matrix': [[0, 1], [1, 0]], 'choosers': {'0': [True, False], '2': [False, True], '4': [True, False]}, 'payoffs': {'1': [2, 3], '3': [1, 2], '5': [4, 4], '6': [3, 1]}}}], [{'player_keys': ['h1', 'r1'], 'strategy_profiles': [[0, 0.5, 0.5, 0.5, 0.5, 0.5, 0.5], [0, 0, 1, 1, 0, 1, 0]], 'tree': {'nplayers': 2, 'title': 'ToM+MMMM-3421-2314', 'edges': [0, 0, 2, 2, 4, 4], 'adjacency_matrix': [[0, 1], [1, 0]], 'choosers': {'0': [True, False], '2': [False, True], '4': [True, False]}, 'payoffs': {'1': [3, 2], '3': [4, 3], '5': [2, 1], '6': [1, 4]}}}], [{'player_keys': ['h1', 'r1'], 'strategy_profiles': [[0, 0.5, 0.5, 0.5, 0.5, 0.5, 0.5], [0, 0, 1, 1, 0, 1, 0]], 'tree': {'nplayers': 2, 'title': 'ToM+MMMM-2431-2314', 'edges': [0, 0, 2, 2, 4, 4], 'adjacency_matrix': [[0, 1], [1, 0]], 'choosers': {'0': [True, False], '2': [False, True], '4': [True, False]}, 'payoffs': {'1': [2, 2], '3': [4, 3], '5': [3, 1], '6': [1, 4]}}}]]}",20,0,1711732968,ToM+SSSS-3421-1342,TREE-1.2-0.0-0.1-2.0-2.2-4.0-4.0,"['95e274f2-3c8f-432f-b94c-74e4de8368aa', 'f2912199-3413-44b7-abdc-56022c41cc00']","['participant', 'robot']","['two-triangle', 'hour-glass']","['hsla(294, 66%, 44%, 1.0)', 'hsla(334, 65%, 46%, 1.0)']","[[1, 1], [1, 1]]","{0: '', 1: 'A', 2: 'B', 3: 'BA', 4: 'BB', 5: 'BBA', 6: 'BBB'}",,5,after,"[True, False]","{'max': 142, 'min': 142, 'avg': 137.75, 'root': 8}","[-10, 0]","[-23, 94]",sequential,chance,sequential,chance,sequential,chance,chance,"[1.0, 1.0]","[0.5, 1.0]","[0.5, 1.0]","[0.5, 1.0]","[0.5, 1.0]","[0.5, 1.0]","[0.5, 1.0]","[0.5, 1.0]","[0.375, 0.666667]","[0.625, 0.666667]","[0.5625, 0.333333]","[0.6875, 0.333333]","[0.65625, 0.0]","[0.71875, 0.0]",[[0]],[[1]],[[2]],[[3]],[[4]],[[5]],[[6]],"(0, 8)","(125, 133)","(125, 133)","(126, 134)","(126, 134)","(134, 142)","(134, 142)",{},{},{},{},{},{},{},"['A', 'B']",[],"['BA', 'BB']",[],"['BBA', 'BBB']",[],[],0,0,3,1,0,0,4,3,0,0,2,4,1,2,B,,,,,BB,,,BBA,,,,,,,A,,,BA,,,,,BBA,,,,,"{'rtype': 'select-node', 'rtimedn': 125.163, 'rtimeup': 125.163}",,,,,"{'rtype': 'd', 'rtimedn': 2.345, 'rtimeup': 3.497}",,,"{'rtype': 'select-node', 'rtimedn': 125.535, 'rtimeup': 125.535}",,,,,,,"{'rtype': 'a', 'rtimedn': 2.345, 'rtimeup': 3.497}",,,"{'rtype': 'select-node', 'rtimedn': 125.324, 'rtimeup': 125.324}",,,,,"{'rtype': 'd', 'rtimedn': 2.345, 'rtimeup': 3.497}",,,,
,,21,0,1711732976,ToM+SSSS-3421-4231,TREE-1.2-0.0-0.1-2.0-2.2-4.0-4.0,"['95e274f2-3c8f-432f-b94c-74e4de8368aa', 'f2912199-3413-44b7-abdc-56022c41cc00']","['participant', 'robot']","['two-triangle', 'hour-glass']","['hsla(294, 66%, 44%, 1.0)', 'hsla(334, 65%, 46%, 1.0)']","[[1, 1], [1, 1]]","{0: '', 1: 'A', 2: 'B', 3: 'BA', 4: 'BB', 5: 'BBA', 6: 'BBB'}",,1,after,"[True, False]","{'max': 32, 'min': 32, 'avg': 26.0, 'root': 8}","[-10, 0]","[-23, 94]",sequential,chance,sequential,chance,sequential,chance,chance,"[1.0, 1.0]","[0.5, 1.0]","[0.5, 1.0]","[0.5, 1.0]","[0.5, 1.0]","[0.5, 1.0]","[0.5, 1.0]","[0.5, 1.0]","[0.375, 0.666667]","[0.625, 0.666667]","[0.5625, 0.333333]","[0.6875, 0.333333]","[0.65625, 0.0]","[0.71875, 0.0]",[[0]],[[1]],[[2]],[[3]],[[4]],[[5]],[[6]],"(0, 8)","(8, 16)","(8, 16)","(16, 24)","(16, 24)","(24, 32)","(24, 32)",{},{},{},{},{},{},{},"['A', 'B']",[],"['BA', 'BB']",[],"['BBA', 'BBB']",[],[],0,0,3,4,0,0,4,2,0,0,2,3,1,1,A,,,,,,,,,,,,,,,A,,,,,,,,,,,,,"{'rtype': 'select-node', 'rtimedn': 126.342, 'rtimeup': 126.342}",,,,,,,,,,,,,,,"{'rtype': 'd', 'rtimedn': 2.345, 'rtimeup': 3.497}",,,,,,,,,,,,
,,22,0,1711732987,ToM+SSSS-3421-3241,TREE-1.2-0.0-0.1-2.0-2.2-4.0-4.0,"['95e274f2-3c8f-432f-b94c-74e4de8368aa', 'f2912199-3413-44b7-abdc-56022c41cc00']","['participant', 'robot']","['two-triangle', 'hour-glass']","['hsla(294, 66%, 44%, 1.0)', 'hsla(334, 65%, 46%, 1.0)']","[[1, 1], [1, 1]]","{0: '', 1: 'A', 2: 'B', 3: 'BA', 4: 'BB', 5: 'BBA', 6: 'BBB'}",,5,after,"[True, False]","{'max': 143, 'min': 143, 'avg': 109.5, 'root': 8}","[-10, 0]","[-23, 94]",sequential,chance,sequential,chance,sequential,chance,chance,"[1.0, 1.0]","[0.5, 1.0]","[0.5, 1.0]","[0.5, 1.0]","[0.5, 1.0]","[0.5, 1.0]","[0.5, 1.0]","[0.5, 1.0]","[0.375, 0.666667]","[0.625, 0.666667]","[0.5625, 0.333333]","[0.6875, 0.333333]","[0.65625, 0.0]","[0.71875, 0.0]",[[0]],[[1]],[[2]],[[3]],[[4]],[[5]],[[6]],"(0, 8)","(9, 17)","(9, 17)","(127, 135)","(127, 135)","(135, 143)","(135, 143)",{},{},{},{},{},{},{},"['A', 'B']",[],"['BA', 'BB']",[],"['BBA', 'BBB']",[],[],0,0,3,3,0,0,4,2,0,0,2,4,1,1,B,,,,,BB,,,BBA,,,,,,,A,,,BB,,,,,BBA,,,,,"{'rtype': None, 'rtimedn': 9, 'rtimeup': 9}",,,,,"{'rtype': 'd', 'rtimedn': 2.345, 'rtimeup': 3.497}",,,"{'rtype': 'select-node', 'rtimedn': 127.501, 'rtimeup': 127.501}",,,,,,,"{'rtype': 'd', 'rtimedn': 2.345, 'rtimeup': 3.497}",,,"{'rtype': 'select-node', 'rtimedn': 127.228, 'rtimeup': 127.228}",,,,,"{'rtype': 'a', 'rtimedn': 2.345, 'rtimeup': 3.497}",,,,
,,23,0,1711732996,ToM+SSSS-2143-2314,TREE-1.2-0.0-0.1-2.0-2.2-4.0-4.0,"['95e274f2-3c8f-432f-b94c-74e4de8368aa', 'f2912199-3413-44b7-abdc-56022c41cc00']","['participant', 'robot']","['two-triangle', 'hour-glass']","['hsla(294, 66%, 44%, 1.0)', 'hsla(334, 65%, 46%, 1.0)']","[[1, 1], [1, 1]]","{0: '', 1: 'A', 2: 'B', 3: 'BA', 4: 'BB', 5: 'BBA', 6: 'BBB'}",,3,after,"[True, False]","{'max': 152, 'min': 152, 'avg': 146.0, 'root': 8}","[-10, 0]","[-23, 94]",sequential,chance,sequential,chance,sequential,chance,chance,"[1.0, 1.0]","[0.5, 1.0]","[0.5, 1.0]","[0.5, 1.0]","[0.5, 1.0]","[0.5, 1.0]","[0.5, 1.0]","[0.5, 1.0]","[0.375, 0.666667]","[0.625, 0.666667]","[0.5625, 0.333333]","[0.6875, 0.333333]","[0.65625, 0.0]","[0.71875, 0.0]",[[0]],[[1]],[[2]],[[3]],[[4]],[[5]],[[6]],"(0, 8)","(128, 136)","(128, 136)","(136, 144)","(136, 144)","(144, 152)","(144, 152)",{},{},{},{},{},{},{},"['A', 'B']",[],"['BA', 'BB']",[],"['BBA', 'BBB']",[],[],0,0,2,2,0,0,1,3,0,0,4,1,3,4,B,,,,,BA,,,,,,,,,,A,,,BB,,,,,,,,,,"{'rtype': 'select-node', 'rtimedn': 128.16, 'rtimeup': 128.16}",,,,,"{'rtype': 'a', 'rtimedn': 2.345, 'rtimeup': 3.497}",,,,,,,,,,"{'rtype': 'd', 'rtimedn': 2.345, 'rtimeup': 3.497}",,,"{'rtype': 'select-node', 'rtimedn': 128.375, 'rtimeup': 128.375}",,,,,,,,,
,,24,0,1711733007,ToM+MSMS-3124-2314,TREE-1.2-0.0-0.1-2.0-2.2-4.0-4.0,"['95e274f2-3c8f-432f-b94c-74e4de8368aa', 'f2912199-3413-44b7-abdc-56022c41cc00']","['participant', 'robot']","['two-triangle', 'hour-glass']","['hsla(294, 66%, 44%, 1.0)', 'hsla(334, 65%, 46%, 1.0)']","[[1, 1], [1, 1]]","{0: '', 1: 'A', 2: 'B', 3: 'BA', 4: 'BB', 5: 'BBA', 6: 'BBB'}",,6,after,"[True, False]","{'max': 146, 'min': 146, 'avg': 141.75, 'root': 8}","[-10, 0]","[-23, 94]",sequential,chance,sequential,chance,sequential,chance,chance,"[1.0, 1.0]","[0.5, 1.0]","[0.5, 1.0]","[0.5, 1.0]","[0.5, 1.0]","[0.5, 1.0]","[0.5, 1.0]","[0.5, 1.0]","[0.375, 0.666667]","[0.625, 0.666667]","[0.5625, 0.333333]","[0.6875, 0.333333]","[0.65625, 0.0]","[0.71875, 0.0]",[[0]],[[1]],[[2]],[[3]],[[4]],[[5]],[[6]],"(0, 8)","(129, 137)","(129, 137)","(130, 138)","(130, 138)","(138, 146)","(138, 146)",{},{},{},{},{},{},{},"['A', 'B']",[],"['BA', 'BB']",[],"['BBA', 'BBB']",[],[],0,0,3,2,0,0,1,3,0,0,2,1,4,4,B,,,,,BB,,,BBB,,,,,,,B,,,BB,,,,,BBB,,,,,"{'rtype': 'select-node', 'rtimedn': 129.188, 'rtimeup': 129.188}",,,,,"{'rtype': 'a', 'rtimedn': 2.345, 'rtimeup': 3.497}",,,"{'rtype': 'select-node', 'rtimedn': 129.435, 'rtimeup': 129.435}",,,,,,,"{'rtype': 'd', 'rtimedn': 2.345, 'rtimeup': 3.497}",,,"{'rtype': 'select-node', 'rtimedn': 129.311, 'rtimeup': 129.311}",,,,,"{'rtype': 'd', 'rtimedn': 2.345, 'rtimeup': 3.497}",,,,
,,25,0,1711733012,ToM+MSMS-3412-3241,TREE-1.2-0.0-0.1-2.0-2.2-4.0-4.0,"['95e274f2-3c8f-432f-b94c-74e4de8368aa', 'f2912199-3413-44b7-abdc-56022c41cc00']","['participant', 'robot']","['two-triangle', 'hour-glass']","['hsla(294, 66%, 44%, 1.0)', 'hsla(334, 65%, 46%, 1.0)']","[[1, 1], [1, 1]]","{0: '', 1: 'A', 2: 'B', 3: 'BA', 4: 'BB', 5: 'BBA', 6: 'BBB'}",,1,after,"[True, False]","{'max': 32, 'min': 32, 'avg': 26.0, 'root': 8}","[-10, 0]","[-23, 94]",sequential,chance,sequential,chance,sequential,chance,chance,"[1.0, 1.0]","[0.5, 1.0]","[0.5, 1.0]","[0.5, 1.0]","[0.5, 1.0]","[0.5, 1.0]","[0.5, 1.0]","[0.5, 1.0]","[0.375, 0.666667]","[0.625, 0.666667]","[0.5625, 0.333333]","[0.6875, 0.333333]","[0.65625, 0.0]","[0.71875, 0.0]",[[0]],[[1]],[[2]],[[3]],[[4]],[[5]],[[6]],"(0, 8)","(8, 16)","(8, 16)","(16, 24)","(16, 24)","(24, 32)","(24, 32)",{},{},{},{},{},{},{},"['A', 'B']",[],"['BA', 'BB']",[],"['BBA', 'BBB']",[],[],0,0,3,3,0,0,4,2,0,0,1,4,2,1,A,,,,,,,,,,,,,,,B,,,,,,,,,,,,,"{'rtype': 'select-node', 'rtimedn': 130.003, 'rtimeup': 130.003}",,,,,,,,,,,,,,,"{'rtype': 'a', 'rtimedn': 2.345, 'rtimeup': 3.497}",,,,,,,,,,,,
,,26,0,1711733017,ToM+MSMS-2134-2314,TREE-1.2-0.0-0.1-2.0-2.2-4.0-4.0,"['95e274f2-3c8f-432f-b94c-74e4de8368aa', 'f2912199-3413-44b7-abdc-56022c41cc00']","['participant', 'robot']","['two-triangle', 'hour-glass']","['hsla(294, 66%, 44%, 1.0)', 'hsla(334, 65%, 46%, 1.0)']","[[1, 1], [1, 1]]","{0: '', 1: 'A', 2: 'B', 3: 'BA', 4: 'BB', 5: 'BBA', 6: 'BBB'}",,1,after,"[True, False]","{'max': 32, 'min': 32, 'avg': 26.0, 'root': 8}","[-10, 0]","[-23, 94]",sequential,chance,sequential,chance,sequential,chance,chance,"[1.0, 1.0]","[0.5, 1.0]","[0.5, 1.0]","[0.5, 1.0]","[0.5, 1.0]","[0.5, 1.0]","[0.5, 1.0]","[0.5, 1.0]","[0.375, 0.666667]","[0.625, 0.666667]","[0.5625, 0.333333]","[0.6875, 0.333333]","[0.65625, 0.0]","[0.71875, 0.0]",[[0]],[[1]],[[2]],[[3]],[[4]],[[5]],[[6]],"(0, 8)","(8, 16)","(8, 16)","(16, 24)","(16, 24)","(24, 32)","(24, 32)",{},{},{},{},{},{},{},"['A', 'B']",[],"['BA', 'BB']",[],"['BBA', 'BBB']",[],[],0,0,2,2,0,0,1,3,0,0,3,1,4,4,A,,,,,,,,,,,,,,,B,,,,,,,,,,,,,"{'rtype': 'select-node', 'rtimedn': 130.461, 'rtimeup': 130.461}",,,,,,,,,,,,,,,"{'rtype': 'a', 'rtimedn': 2.345, 'rtimeup': 3.497}",,,,,,,,,,,,
,,27,0,1711733027,ToM+MSMS-3214-3214,TREE-1.2-0.0-0.1-2.0-2.2-4.0-4.0,"['95e274f2-3c8f-432f-b94c-74e4de8368aa', 'f2912199-3413-44b7-abdc-56022c41cc00']","['participant', 'robot']","['two-triangle', 'hour-glass']","['hsla(294, 66%, 44%, 1.0)', 'hsla(334, 65%, 46%, 1.0)']","[[1, 1], [1, 1]]","{0: '', 1: 'A', 2: 'B', 3: 'BA', 4: 'BB', 5: 'BBA', 6: 'BBB'}",,6,after,"[True, False]","{'max': 148, 'min': 148, 'avg': 143.75, 'root': 8}","[-10, 0]","[-23, 94]",sequential,chance,sequential,chance,sequential,chance,chance,"[1.0, 1.0]","[0.5, 1.0]","[0.5, 1.0]","[0.5, 1.0]","[0.5, 1.0]","[0.5, 1.0]","[0.5, 1.0]","[0.5, 1.0]","[0.375, 0.666667]","[0.625, 0.666667]","[0.5625, 0.333333]","[0.6875, 0.333333]","[0.65625, 0.0]","[0.71875, 0.0]",[[0]],[[1]],[[2]],[[3]],[[4]],[[5]],[[6]],"(0, 8)","(131, 139)","(131, 139)","(132, 140)","(132, 140)","(140, 148)","(140, 148)",{},{},{},{},{},{},{},"['A', 'B']",[],"['BA', 'BB']",[],"['BBA', 'BBB']",[],[],0,0,3,3,0,0,2,2,0,0,1,1,4,4,B,,,,,BB,,,BBB,,,,,,,B,,,BB,,,,,BBB,,,,,"{'rtype': 'select-node', 'rtimedn': 131.091, 'rtimeup': 131.091}",,,,,"{'rtype': 'a', 'rtimedn': 2.345, 'rtimeup': 3.497}",,,"{'rtype': 'select-node', 'rtimedn': 131.482, 'rtimeup': 131.482}",,,,,,,"{'rtype': 'a', 'rtimedn': 2.345, 'rtimeup': 3.497}",,,"{'rtype': 'select-node', 'rtimedn': 131.29, 'rtimeup': 131.29}",,,,,"{'rtype': 'a', 'rtimedn': 2.345, 'rtimeup': 3.497}",,,,
,,28,0,1711733035,ToM+MMMM-2341-3214,TREE-1.2-0.0-0.1-2.0-2.2-4.0-4.0,"['95e274f2-3c8f-432f-b94c-74e4de8368aa', 'f2912199-3413-44b7-abdc-56022c41cc00']","['participant', 'robot']","['two-triangle', 'hour-glass']","['hsla(294, 66%, 44%, 1.0)', 'hsla(334, 65%, 46%, 1.0)']","[[1, 1], [1, 1]]","{0: '', 1: 'A', 2: 'B', 3: 'BA', 4: 'BB', 5: 'BBA', 6: 'BBB'}",,1,after,"[True, False]","{'max': 32, 'min': 32, 'avg': 26.0, 'root': 8}","[-10, 0]","[-23, 94]",sequential,chance,sequential,chance,sequential,chance,chance,"[1.0, 1.0]","[0.5, 1.0]","[0.5, 1.0]","[0.5, 1.0]","[0.5, 1.0]","[0.5, 1.0]","[0.5, 1.0]","[0.5, 1.0]","[0.375, 0.666667]","[0.625, 0.666667]","[0.5625, 0.333333]","[0.6875, 0.333333]","[0.65625, 0.0]","[0.71875, 0.0]",[[0]],[[1]],[[2]],[[3]],[[4]],[[5]],[[6]],"(0, 8)","(8, 16)","(8, 16)","(16, 24)","(16, 24)","(24, 32)","(24, 32)",{},{},{},{},{},{},{},"['A', 'B']",[],"['BA', 'BB']",[],"['BBA', 'BBB']",[],[],0,0,2,3,0,0,3,2,0,0,4,1,1,4,A,,,,,,,,,,,,,,,B,,,,,,,,,,,,,"{'rtype': None, 'rtimedn': 9, 'rtimeup': 9}",,,,,,,,,,,,,,,"{'rtype': 'a', 'rtimedn': 2.345, 'rtimeup': 3.497}",,,,,,,,,,,,
,,29,0,1711733045,ToM+MMMM-2143-3241,TREE-1.2-0.0-0.1-2.0-2.2-4.0-4.0,"['95e274f2-3c8f-432f-b94c-74e4de8368aa', 'f2912199-3413-44b7-abdc-56022c41cc00']","['participant', 'robot']","['two-triangle', 'hour-glass']","['hsla(294, 66%, 44%, 1.0)', 'hsla(334, 65%, 46%, 1.0)']","[[1, 1], [1, 1]]","{0: '', 1: 'A', 2: 'B', 3: 'BA', 4: 'BB', 5: 'BBA', 6: 'BBB'}",,5,after,"[True, False]","{'max': 150, 'min': 150, 'avg': 145.5, 'root': 8}","[-10, 0]","[-23, 94]",sequential,chance,sequential,chance,sequential,chance,chance,"[1.0, 1.0]","[0.5, 1.0]","[0.5, 1.0]","[0.5, 1.0]","[0.5, 1.0]","[0.5, 1.0]","[0.5, 1.0]","[0.5, 1.0]","[0.375, 0.666667]","[0.625, 0.666667]","[0.5625, 0.333333]","[0.6875, 0.333333]","[0.65625, 0.0]","[0.71875, 0.0]",[[0]],[[1]],[[2]],[[3]],[[4]],[[5]],[[6]],"(0, 8)","(132, 140)","(132, 140)","(134, 142)","(134, 142)","(142, 150)","(142, 150)",{},{},{},{},{},{},{},"['A', 'B']",[],"['BA', 'BB']",[],"['BBA', 'BBB']",[],[],0,0,2,3,0,0,1,2,0,0,4,4,3,1,B,,,,,BB,,,BBA,,,,,,,B,,,BA,,,,,BBA,,,,,"{'rtype': 'select-node', 'rtimedn': 132.817, 'rtimeup': 132.817}",,,,,"{'rtype': 'd', 'rtimedn': 2.345, 'rtimeup': 3.497}",,,"{'rtype': 'select-node', 'rtimedn': 133.236, 'rtimeup': 133.236}",,,,,,,"{'rtype': 'd', 'rtimedn': 2.345, 'rtimeup': 3.497}",,,"{'rtype': 'select-node', 'rtimedn': 133.064, 'rtimeup': 133.064}",,,,,"{'rtype': 'a', 'rtimedn': 2.345, 'rtimeup': 3.497}",,,,
,,30,0,1711733052,ToM+MMMM-3421-2314,TREE-1.2-0.0-0.1-2.0-2.2-4.0-4.0,"['95e274f2-3c8f-432f-b94c-74e4de8368aa', 'f2912199-3413-44b7-abdc-56022c41cc00']","['participant', 'robot']","['two-triangle', 'hour-glass']","['hsla(294, 66%, 44%, 1.0)', 'hsla(334, 65%, 46%, 1.0)']","[[1, 1], [1, 1]]","{0: '', 1: 'A', 2: 'B', 3: 'BA', 4: 'BB', 5: 'BBA', 6: 'BBB'}",,1,after,"[True, False]","{'max': 32, 'min': 32, 'avg': 26.0, 'root': 8}","[-10, 0]","[-23, 94]",sequential,chance,sequential,chance,sequential,chance,chance,"[1.0, 1.0]","[0.5, 1.0]","[0.5, 1.0]","[0.5, 1.0]","[0.5, 1.0]","[0.5, 1.0]","[0.5, 1.0]","[0.5, 1.0]","[0.375, 0.666667]","[0.625, 0.666667]","[0.5625, 0.333333]","[0.6875, 0.333333]","[0.65625, 0.0]","[0.71875, 0.0]",[[0]],[[1]],[[2]],[[3]],[[4]],[[5]],[[6]],"(0, 8)","(8, 16)","(8, 16)","(16, 24)","(16, 24)","(24, 32)","(24, 32)",{},{},{},{},{},{},{},"['A', 'B']",[],"['BA', 'BB']",[],"['BBA', 'BBB']",[],[],0,0,3,2,0,0,4,3,0,0,2,1,1,4,A,,,,,,,,,,,,,,,B,,,,,,,,,,,,,"{'rtype': 'select-node', 'rtimedn': 134.002, 'rtimeup': 134.002}",,,,,,,,,,,,,,,"{'rtype': 'd', 'rtimedn': 2.345, 'rtimeup': 3.497}",,,,,,,,,,,,
,,31,0,1711733060,ToM+MMMM-2431-2314,TREE-1.2-0.0-0.1-2.0-2.2-4.0-4.0,"['95e274f2-3c8f-432f-b94c-74e4de8368aa', 'f2912199-3413-44b7-abdc-56022c41cc00']","['participant', 'robot']","['two-triangle', 'hour-glass']","['hsla(294, 66%, 44%, 1.0)', 'hsla(334, 65%, 46%, 1.0)']","[[1, 1], [1, 1]]","{0: '', 1: 'A', 2: 'B', 3: 'BA', 4: 'BB', 5: 'BBA', 6: 'BBB'}",,1,after,"[True, False]","{'max': 32, 'min': 32, 'avg': 26.0, 'root': 8}","[-10, 0]","[-23, 94]",sequential,chance,sequential,chance,sequential,chance,chance,"[1.0, 1.0]","[0.5, 1.0]","[0.5, 1.0]","[0.5, 1.0]","[0.5, 1.0]","[0.5, 1.0]","[0.5, 1.0]","[0.5, 1.0]","[0.375, 0.666667]","[0.625, 0.666667]","[0.5625, 0.333333]","[0.6875, 0.333333]","[0.65625, 0.0]","[0.71875, 0.0]",[[0]],[[1]],[[2]],[[3]],[[4]],[[5]],[[6]],"(0, 8)","(8, 16)","(8, 16)","(16, 24)","(16, 24)","(24, 32)","(24, 32)",{},{},{},{},{},{},{},"['A', 'B']",[],"['BA', 'BB']",[],"['BBA', 'BBB']",[],[],0,0,2,2,0,0,4,3,0,0,3,1,1,4,A,,,,,,,,,,,,,,,B,,,,,,,,,,,,,"{'rtype': 'select-node', 'rtimedn': 134.762, 'rtimeup': 134.762}",,,,,,,,,,,,,,,"{'rtype': 'a', 'rtimedn': 2.345, 'rtimeup': 3.497}",,,,,,,,,,,,
